id,current_title,proposed_title,topic,confidence,needs_review,source_basis,evidence,publishedAt,videoUrl,source_status,transcript_language,ocr_text_available
cmtwv8kls0001il044ndyybre,Saint-Esprit réponds-moi — 9 septembre 2026 à 04h25,Saint-Esprit réponds-moi — Adoration : chanson qui revient sans cesse,"Adoration, chanson personnelle",élevée,False,Sous-titres TikTok (transcription automatique),c'est 1 chanson que j'ai composée ... ça ne fait que repasser,2026-09-09T03:25:59.000Z,https://www.tiktok.com/@pamela.dali7/video/7683371620924230944,ok,fra-FR,False
cmtwv8kyt0003il04ld0icz7b,Saint-Esprit réponds-moi — 6 septembre 2026 à 04h57,Saint-Esprit réponds-moi — La prière de la quatrième dimension,Prière de la quatrième dimension,élevée,False,Sous-titres TikTok (transcription automatique),la prière de la 4e dimension,2026-09-06T03:57:05.000Z,https://www.tiktok.com/@pamela.dali7/video/7682266377402551585,ok,fra-FR,False
cmtwv8lqc0007il04ic6uwejt,Saint-Esprit réponds-moi — 3 septembre 2026 à 23h12,Saint-Esprit réponds-moi — Témoignage : une vision de Jésus sur terre,Témoignage d’une vision de Jésus sur terre,élevée,False,Sous-titres TikTok (transcription automatique),quand il était sur la terre il était noir,2026-09-03T22:12:23.000Z,https://www.tiktok.com/@pamela.dali7/video/7681435380104678689,ok,fra-FR,False
cmtwv8m2m0009il04yx2hdv6l,Saint-Esprit réponds-moi — 28 août 2026 à 03h43,Saint-Esprit réponds-moi — Dieu n'a pas dit son dernier mot dans ta vie,"Encouragement, espérance et témoignage",élevée,False,Sous-titres TikTok (transcription automatique),l'Éternel n'a pas dit son dernier mot dans ta vie,2026-08-28T02:43:26.000Z,https://www.tiktok.com/@pamela.dali7/video/7678907631385316640,ok,fra-FR,False
cmtwv8mej000bil04lue6la6w,Saint-Esprit réponds-moi — 25 août 2026 à 22h50,Saint-Esprit réponds-moi — Répondre aux anciens amis qui m'ont rejetée,témoignage sur rejet et acceptation,élevée,False,Sous-titres TikTok (transcription automatique),vous avez refusé de voir qui j'étais réellement,2026-08-25T21:50:08.000Z,https://www.tiktok.com/@pamela.dali7/video/7678089877958724896,ok,fra-FR,False
cmtwv8mq9000dil04du9ai1dk,Saint-Esprit réponds-moi — 25 août 2026 à 18h58,Saint-Esprit réponds-moi — Témoignage sur la foi: déclarer son mariage par gratitude,"foi, déclaration par la parole",élevée,False,Sous-titres TikTok (transcription automatique),Dis merci à l'Éternel pour ce que tu veux voir,2026-08-25T17:58:40.000Z,https://www.tiktok.com/@pamela.dali7/video/7678030229947911457,ok,fra-FR,False
cmtwv8n1y000fil04ktsu0wka,Saint-Esprit réponds-moi — 25 août 2026 à 18h35,Saint-Esprit réponds-moi — Bienveillance envers les voisins et les frères musulmans,Bienveillance envers les voisins et les frères musulmans,élevée,False,Sous-titres TikTok (transcription automatique),soyez gentils avec vos frères musulmans,2026-08-25T17:35:23.000Z,https://www.tiktok.com/@pamela.dali7/video/7678024230474239264,ok,fra-FR,False
cmtwv8nkj000hil046prc2om3,Saint-Esprit réponds-moi — 25 août 2026 à 18h16,Saint-Esprit réponds-moi — Faire du bien aux pauvres : un appel à la charité,Charité envers les plus démunis,élevée,False,Sous-titres TikTok (transcription automatique),fais du bien aux pauvres donnez aux pauvres,2026-08-25T17:16:10.000Z,https://www.tiktok.com/@pamela.dali7/video/7678019275960913185,ok,fra-FR,False
cmtwv8nw9000jil046j13l9ro,Saint-Esprit réponds-moi — 25 août 2026 à 17h58,Saint-Esprit réponds-moi — Visitation divine : reconnaître les messagers de Dieu,Visitation divine; reconnaître la présence et les messagers de Dieu,élevée,False,Sous-titres TikTok (transcription automatique),« Visitation divine » et récit d'Élie chez la veuve.,2026-08-25T16:58:37.000Z,https://www.tiktok.com/@pamela.dali7/video/7678014754216037665,ok,fra-FR,False
cmtwv8ojp000nil04xiidbzge,Saint-Esprit réponds-moi — 21 août 2026 à 21h41,Saint-Esprit réponds-moi — Veille sur ton cœur : aimer et se purifier,Appel à l'amour du prochain et à la purification du cœur,élevée,False,Sous-titres TikTok (transcription automatique),« Veille sur ton cœur » et aimez votre prochain.,2026-08-21T20:41:33.000Z,https://www.tiktok.com/@pamela.dali7/video/7676587864229973281,ok,fra-FR,False
cmtwv8ov4000pil041kjuoeey,Saint-Esprit réponds-moi — 21 août 2026 à 17h37,Saint-Esprit réponds-moi — Jalousie entre frères : surveille ton cœur,Danger de la jalousie et de la compétition entre serviteurs,élevée,False,Sous-titres TikTok (transcription automatique),Avertissement contre la jalousie : « veille sur ton cœur ».,2026-08-21T16:37:54.000Z,https://www.tiktok.com/@pamela.dali7/video/7676525074706337056,ok,fra-FR,False
cmtwv8p76000ril0467me61q5,Saint-Esprit réponds-moi — 21 août 2026 à 02h42,Saint-Esprit réponds-moi — Devenir enfant de Dieu : le pouvoir de la Parole,Devenir enfant de Dieu par la Parole,élevée,False,Sous-titres TikTok (transcription automatique),La parole « donne le pouvoir de devenir enfant de Dieu ».,2026-08-21T01:42:14.000Z,https://www.tiktok.com/@pamela.dali7/video/7676294265529470241,ok,fra-FR,False
cmtwv8pj6000til04md1ofwgd,Saint-Esprit réponds-moi — 20 août 2026 à 19h11,Saint-Esprit réponds-moi — Prière et délivrance en direct chaque mercredi à 22 h,Lives hebdomadaires de prière et de délivrance,élevée,False,Sous-titres TikTok (transcription automatique),les lives se font sur mon YouTube tous les mercredis,2026-08-20T18:11:54.000Z,https://www.tiktok.com/@pamela.dali7/video/7676178213973888289,ok,fra-FR,False
cmtwv8pvg000vil048n9wm3t2,Saint-Esprit réponds-moi — 18 août 2026 à 04h34,Saint-Esprit réponds-moi — Servir Dieu tout en travaillant dans l'audiovisuel,Être servante de Dieu et travailler en audiovisuel / décoration,élevée,False,Sous-titres TikTok (transcription automatique),on peut être sévante de l'Éternel et travailler,2026-08-18T03:34:43.000Z,https://www.tiktok.com/@pamela.dali7/video/7675209997587844384,ok,fra-FR,False
cmtwv8q7e000xil04ptpfsq6q,Saint-Esprit réponds-moi — 15 août 2026 à 16h38,Saint-Esprit réponds-moi — Se confier à Jésus dans les temps difficiles,Appel à s'accrocher à Jésus et chercher le repos en lui,élevée,False,Sous-titres TikTok (transcription automatique),y a que Jésus seul pour nous protéger,2026-08-15T15:38:45.000Z,https://www.tiktok.com/@pamela.dali7/video/7674283320284417312,ok,fra-FR,False
cmtwv8qiz000zil048vi7jqm8,Saint-Esprit réponds-moi — 14 août 2026 à 19h10,Saint-Esprit réponds-moi — Merci Jésus-Christ pour cette fin de cycle générationnel,Remerciement pour fin de cycle générationnel,élevée,True,Texte lisible sur la miniature (OCR); vidéo à écouter pour confirmer,"MERCI JESUS CHRIST, FIN DE CYCLE, GENERATIONNE@",2026-08-14T18:10:50.000Z,https://www.tiktok.com/@pamela.dali7/video/7673951429530225953,no_transcript,OCR (couverture),True
cmtwv8qui0011il04tdbnir50,Saint-Esprit réponds-moi — 14 août 2026 à 05h39,Saint-Esprit réponds-moi — Merci Jésus-Christ cette fin de cycle générationnel,Remerciement pour fin de cycle générationnel,élevée,True,Texte lisible sur la miniature (OCR); vidéo à écouter pour confirmer,"Merci JESUS CHRIST, fin de CYCLE, géneérationnel",2026-08-14T04:39:28.000Z,https://www.tiktok.com/@pamela.dali7/video/7673742339034172704,no_transcript,OCR (couverture),True
cmtwv8r670013il049bk9lwz2,Saint-Esprit réponds-moi — 14 août 2026 à 04h59,Saint-Esprit réponds-moi — Annonce de la prochaine saison de l'émission,Annonce de la reprise / nouvelle saison de l'émission,élevée,False,Sous-titres TikTok (transcription automatique),très bientôt la 3e saison de Saint-Esprit,2026-08-14T03:59:58.000Z,https://www.tiktok.com/@pamela.dali7/video/7673732160376917280,ok,fra-FR,False
cmtwv8rhs0015il04vgc8qush,Saint-Esprit réponds-moi — 11 août 2026 à 13h49,Saint-Esprit réponds-moi — Reconnaître la voix de Dieu face aux faux,discernement spirituel,élevée,False,Sous-titres TikTok (transcription automatique),« mes brebis reconnaissent ma voix » ; homme qui se fait passer pour fou,2026-08-11T12:49:49.000Z,https://www.tiktok.com/@pamela.dali7/video/7672755449715756321,ok,fra-FR,False
cmtwv8rtk0017il048cbp6lqg,Saint-Esprit réponds-moi — 8 août 2026 à 14h51,Saint-Esprit réponds-moi — Invoquer Dieu dans sa langue natale,prière et langue,élevée,False,Sous-titres TikTok (transcription automatique),« tu pries dans ta langue » et invoquer le nom de Dieu dans sa langue,2026-08-08T13:51:55.000Z,https://www.tiktok.com/@pamela.dali7/video/7671658194854235425,ok,fra-FR,False
cmtwv8s590019il048vyfxx6d,#cejour-là — 7 août 2026 à 12h06,Saint-Esprit réponds-moi — Merci pour cette nouvelle étape de ma vie,Remerciement pour nouvelle étape de vie,moyenne,True,Texte lisible sur la miniature (OCR); vidéo à écouter pour confirmer,Merci ... pour cette ... nouvelle étape de ma vie,2026-08-07T11:06:07.000Z,https://www.tiktok.com/@pamela.dali7/photo/7671244383366204705,no_item,OCR (couverture),True
cmtwv8sha001bil04jpk04hci,Saint-Esprit réponds-moi — 6 août 2026 à 14h13,Saint-Esprit réponds-moi — Pourquoi il faut naître d'eau et d'Esprit,baptême et nouvelle naissance,élevée,False,Sous-titres TikTok (transcription automatique),Jean 3:5 « né d'eau et d'esprit » ; Jésus s'est fait baptiser,2026-08-06T13:13:47.000Z,https://www.tiktok.com/@pamela.dali7/video/7670906199138667809,ok,fra-FR,False
cmtwv8stk001dil04g894ahic,Saint-Esprit réponds-moi — 2 août 2026 à 05h05,Saint-Esprit réponds-moi — Sujet à confirmer (02/08/2026 05:05),sous-titres absents,faible,True,Aucun sous-titre ni texte de miniature exploitable; sujet à confirmer,Aucune transcription exploitable; validation manuelle requise.,2026-08-02T04:05:07.000Z,https://www.tiktok.com/@pamela.dali7/video/7669280467866144032,no_transcript,,False
cmtwv8t5c001fil04ws4x1g1a,Saint-Esprit réponds-moi — 31 juillet 2026 à 00h11,Saint-Esprit réponds-moi — Prière et délivrance pour femmes stériles,guérison / bénédiction des entrailles,élevée,False,Sous-titres TikTok (transcription automatique),« prier pour toutes les femmes qui sont stériles » ; bénédiction des entrailles,2026-07-30T23:11:29.000Z,https://www.tiktok.com/@pamela.dali7/video/7668462627038792993,ok,fra-FR,False
cmtwv8tgx001hil04wkwqnqlr,Saint-Esprit réponds-moi — 30 juillet 2026 à 22h51,Saint-Esprit réponds-moi — Délivrance contre oppression et pensées de blasphème,délivrance des oppressions et pensées de blasphème,élevée,False,Sous-titres TikTok (transcription automatique),tous ceux qui se sentent oppressés…entendent des voix de blasphème,2026-07-30T21:51:27.000Z,https://www.tiktok.com/@pamela.dali7/video/7668442001401974049,ok,fra-FR,False
cmtwv8usu001pil046dqo9lbf,Saint-Esprit réponds-moi — 27 juillet 2026 à 02h55,Saint-Esprit réponds-moi — Apprendre à voir et marcher comme l'Éternel,alignement spirituel : voir et marcher comme Dieu,élevée,False,Sous-titres TikTok (transcription automatique),apprenez à voir comme l'Éternel apprenez à marcher comme l'Éternel,2026-07-27T01:55:26.000Z,https://www.tiktok.com/@pamela.dali7/video/7667020536723131681,ok,fra-FR,False
cmtwv8v4a001ril04mr2u0vad,Saint-Esprit réponds-moi — 27 juillet 2026 à 00h05,"Saint-Esprit réponds-moi — Voir comme Dieu, pas selon le regard humain",le regard de Dieu versus le jugement humain,élevée,False,Sous-titres TikTok (transcription automatique),le regard de Dieu n'est pas le regard des hommes,2026-07-26T23:05:31.000Z,https://www.tiktok.com/@pamela.dali7/video/7666976750231932193,ok,fra-FR,False
cmtwv8vg6001til04bbwzcrl4,Saint-Esprit réponds-moi — 26 juillet 2026 à 23h15,Saint-Esprit réponds-moi — Choix divin au-delà du regard humain,choix divin et différence entre regard divin et humain,élevée,False,Sous-titres TikTok (transcription automatique),le regard de Dieu n'est pas le regard des hommes,2026-07-26T22:15:40.000Z,https://www.tiktok.com/@pamela.dali7/video/7666963902042770720,ok,fra-FR,False
cmtwv8vs1001vil04thc43chk,Saint-Esprit réponds-moi — 25 juillet 2026 à 01h07,Saint-Esprit réponds-moi — Appel à recevoir Jésus et redédier sa vie,acceptation de Jésus / redédication,élevée,False,Sous-titres TikTok (transcription automatique),ouvre ton cœur et reçois Jésus,2026-07-25T00:07:40.000Z,https://www.tiktok.com/@pamela.dali7/video/7666250594562215201,ok,fra-FR,False
cmtwv8w3m001xil04fixt11rs,Saint-Esprit réponds-moi — 25 juillet 2026 à 00h56,Saint-Esprit réponds-moi — Prières de guérison et délivrance au nom de Jésus,guérison physique et délivrance spirituelle,élevée,False,Sous-titres TikTok (transcription automatique),pose la main là où tu as mal,2026-07-24T23:56:15.000Z,https://www.tiktok.com/@pamela.dali7/video/7666247654464130337,ok,fra-FR,False
cmtwv8wfh001zil04ulx3szf8,Saint-Esprit réponds-moi — 24 juillet 2026 à 02h30,Saint-Esprit réponds-moi — Protéger sa famille par le sang de Jésus,protection familiale par la prière,élevée,False,Sous-titres TikTok (transcription automatique),la meilleure arme c'est le sang de Jésus,2026-07-24T01:30:47.000Z,https://www.tiktok.com/@pamela.dali7/video/7665900927043259680,ok,fra-FR,False
cmtwv8wvu0021il040n76s07v,Saint-Esprit réponds-moi — 24 juillet 2026 à 01h52,Saint-Esprit réponds-moi — Appel à accepter Christ et protéger sa famille,appel à la conversion et protection familiale,moyenne,False,Sous-titres TikTok (transcription automatique),acceptez Jésus pendant qu'il est encore temps,2026-07-24T00:52:49.000Z,https://www.tiktok.com/@pamela.dali7/video/7665891143774670113,ok,fra-FR,False
cmtwv8x7k0023il04wjwp2ey0,Saint-Esprit réponds-moi — 24 juillet 2026 à 01h24,Saint-Esprit réponds-moi — Alerte aux clones et appel à la vigilance spirituelle,clonage spirituel et vigilance,élevée,False,Sous-titres TikTok (transcription automatique),la bête s'est clownée la bête s'est clonée,2026-07-24T00:24:55.000Z,https://www.tiktok.com/@pamela.dali7/video/7665883954649615649,ok,fra-FR,False
cmtwv8xj60025il046ar1211s,Saint-Esprit réponds-moi — 23 juillet 2026 à 14h37,Saint-Esprit réponds-moi — Résister au sabotage des lives et persévérer,sabotage des lives et persévérance,élevée,False,Sous-titres TikTok (transcription automatique),les lives sont beaucoup saboté,2026-07-23T13:37:40.000Z,https://www.tiktok.com/@pamela.dali7/video/7665717160701857056,ok,fra-FR,False
cmtwv8xun0027il0473hx0uj6,Saint-Esprit réponds-moi — 19 juillet 2026 à 06h40,Saint-Esprit réponds-moi — Comprendre la danse prophétique et spirituelle,danse prophétique / adoration des éléments,élevée,False,Sous-titres TikTok (transcription automatique),certains appellent ça la danse prophétique,2026-07-19T05:40:28.000Z,https://www.tiktok.com/@pamela.dali7/video/7664109846697938208,ok,fra-FR,False
cmtwv8y680029il044nylk54s,Saint-Esprit réponds-moi — 19 juillet 2026 à 00h46,Saint-Esprit réponds-moi — Adorer pour nourrir le Père (chanson prophétique),louange : adoration qui nourrit Dieu,élevée,False,Sous-titres TikTok (transcription automatique),l'Éternel se nourrit de notre adoration,2026-07-18T23:46:08.000Z,https://www.tiktok.com/@pamela.dali7/video/7664018534401445152,ok,fra-FR,False
cmtwv8yi4002bil04tdqeyylc,Saint-Esprit réponds-moi — 18 juillet 2026 à 01h37,"Saint-Esprit réponds-moi — Pourquoi prier sans cesse : anges, portes et heures","prière continue et organisation des anges par heures, jours, mois",élevée,False,Sous-titres TikTok (transcription automatique),« pourquoi est-ce qu'on doit prier sans cesse ? »,2026-07-18T00:37:24.000Z,https://www.tiktok.com/@pamela.dali7/video/7663660662198897953,ok,fra-FR,False
cmtwv8ytw002dil04e8gahnjv,Saint-Esprit réponds-moi — 14 juillet 2026 à 02h08,Saint-Esprit réponds-moi — Amazing Grace spirituelle : accords soufflés par séraphins,musique spirituelle ; séraphins apportant accords et inspiration,élevée,False,Sous-titres TikTok (transcription automatique),"la musique c'est l'œuvre de l'esprit, ce sont les serafins",2026-07-14T01:08:26.000Z,https://www.tiktok.com/@pamela.dali7/video/7662184318726393120,ok,fra-FR,False
cmtwv8z59002fil040g5vbjuq,Saint-Esprit réponds-moi — 10 juillet 2026 à 03h16,Saint-Esprit réponds-moi — Les murmures qui éloignent de la présence de Dieu,murmures (mécontentement) et leurs effets sur la vie de prière,élevée,False,Sous-titres TikTok (transcription automatique),les mumus t'éloignent de Dieu,2026-07-10T02:16:06.000Z,https://www.tiktok.com/@pamela.dali7/video/7660717416304921889,ok,fra-FR,False
cmtwv8zh3002hil04li2nqa3p,Saint-Esprit réponds-moi — 7 juillet 2026 à 05h29,Saint-Esprit réponds-moi — Travail des graves et chants spirituels,exercice vocal et sélection de chants pour travailler les graves,moyenne,False,Sous-titres TikTok (transcription automatique),quand je vais travailler les graves je prends les chants,2026-07-07T04:29:02.000Z,https://www.tiktok.com/@pamela.dali7/video/7659638415218052385,ok,fra-FR,False
cmtwv8zsh002jil04cmnpodvq,Saint-Esprit réponds-moi — 6 juillet 2026 à 22h28,Saint-Esprit réponds-moi — Reprendre le chant et travailler la voix pour servir,Reprise vocale et intégration dans un groupe chrétien,élevée,False,Sous-titres TikTok (transcription automatique),je suis en train de reprendre à 0 je suis en train de bosser,2026-07-06T21:28:29.000Z,https://www.tiktok.com/@pamela.dali7/video/7659530038773042464,ok,fra-FR,False
cmtwv903z002lil04k7ahekxs,Saint-Esprit réponds-moi — 5 juillet 2026 à 03h59,Saint-Esprit réponds-moi — Sujet à confirmer,Inconnu,faible,True,Texte lisible sur la miniature (OCR); vidéo à écouter pour confirmer,"texte illisible, mots non reconnus",2026-07-05T02:59:58.000Z,https://www.tiktok.com/@pamela.dali7/video/7658873292530388256,no_transcript,OCR (couverture),True
cmtwv90hy002nil04p3qqmhkq,Saint-Esprit réponds-moi — 3 juillet 2026 à 19h23,Saint-Esprit réponds-moi — Bénédiction simple malgré les distractions,Bénédiction brève / message personnel,faible,True,Sous-titres TikTok (transcription automatique),soyez bénis il y a du bruit à côté,2026-07-03T18:23:24.000Z,https://www.tiktok.com/@pamela.dali7/video/7658369089622117665,ok,fra-FR,False
cmtwv90y7002pil04jnbqzf4o,Saint-Esprit réponds-moi — 2 juillet 2026 à 23h33,Saint-Esprit réponds-moi — Garder la présence de Dieu face à l'intelligence artificielle,Alerte spirituelle : présence de Dieu vs intelligence artificielle,élevée,False,Sous-titres TikTok (transcription automatique),"l'image de la bête est déjà là, intelligence artificielle",2026-07-02T22:33:30.000Z,https://www.tiktok.com/@pamela.dali7/video/7658062454005550368,ok,fra-FR,False
cmtwv919t002ril04grwl9pn7,Saint-Esprit réponds-moi — 2 juillet 2026 à 09h58,Saint-Esprit réponds-moi — Veiller et demeurer dans la présence de Dieu,Appel à garder la présence de Dieu aux temps de la fin,élevée,False,Sous-titres TikTok (transcription automatique),gardez la présence de Dieu,2026-07-02T08:58:47.000Z,https://www.tiktok.com/@pamela.dali7/video/7657852505136565536,ok,fra-FR,False
cmtwv91ld002til04pekogdrr,Saint-Esprit réponds-moi — 1 juillet 2026 à 00h33,Saint-Esprit réponds-moi — Construire sa maison au ciel en bâtissant des âmes,Bâtir sa maison céleste par le disciplement,élevée,False,Sous-titres TikTok (transcription automatique),« lorsque tu construis quelqu'un sur la terre on construit ta maison »,2026-06-30T23:33:54.000Z,https://www.tiktok.com/@pamela.dali7/video/7657335848207256865,ok,fra-FR,False
cmtwv91wt002vil0496suddb6,Saint-Esprit réponds-moi — 30 juin 2026 à 14h23,Saint-Esprit réponds-moi — C'est Jésus qui paye le prix,Affirmation : Jésus paye le prix,élevée,True,Texte lisible sur la miniature (OCR); vidéo à écouter pour confirmer,"en commentaire, EST JESU QUI PAYE LE PRIX",2026-06-30T13:23:53.000Z,https://www.tiktok.com/@pamela.dali7/video/7657178650839698720,no_transcript,OCR (couverture),True
cmtwv928a002xil04dbaommxd,Saint-Esprit réponds-moi — 29 juin 2026 à 02h34,Saint-Esprit réponds-moi — Medley de chants traditionnels et gospel,Louange musicale (medley),élevée,False,Sous-titres TikTok (transcription automatique),« c'est des chants vraiment traditionnels »,2026-06-29T01:34:24.000Z,https://www.tiktok.com/@pamela.dali7/video/7656624730484509984,ok,fra-FR,False
cmtwv92k4002zil04n4m6ppmi,Saint-Esprit réponds-moi — 28 juin 2026 à 21h02,Saint-Esprit réponds-moi — Retrouver l'amour de Dieu face à la jalousie,Amour chrétien et jalousie entre serviteurs,élevée,False,Sous-titres TikTok (transcription automatique),ouvre la bouche et dis au Seigneur donne-moi ton amour,2026-06-28T20:02:51.000Z,https://www.tiktok.com/@pamela.dali7/video/7656539289915886881,ok,fra-FR,False
cmtwv92vm0031il04ycqek4gi,Saint-Esprit réponds-moi — 27 juin 2026 à 20h26,Saint-Esprit réponds-moi — Visions de mondes cachés et du faux ciel,"Visions spirituelles, mondes parallèles et portes énergétiques",élevée,False,Sous-titres TikTok (transcription automatique),le ciel que vous voyez n'est pas le vrai ciel,2026-06-27T19:26:18.000Z,https://www.tiktok.com/@pamela.dali7/video/7656158789565009184,ok,fra-FR,False
cmtwv936z0033il044s0uqwzw,Saint-Esprit réponds-moi — 27 juin 2026 à 04h29,Saint-Esprit réponds-moi — Prière pour les femmes qui cherchent un enfant,Intercession pour femmes en difficulté d'enfantement,élevée,False,Sous-titres TikTok (transcription automatique),prier pour 1 femme qui cherche 1 enfant,2026-06-27T03:29:38.000Z,https://www.tiktok.com/@pamela.dali7/video/7655912256789597472,ok,fra-FR,False
cmtwv93iq0035il04bdev2m8h,Saint-Esprit réponds-moi — 23 juin 2026 à 20h07,Saint-Esprit réponds-moi — Alerte spirituelle face à l'intelligence artificielle,Mise en garde spirituelle contre l'IA et appels à la conversion,élevée,False,Sous-titres TikTok (transcription automatique),l'intelligence artificielle va s'installer comme 1 Dieu,2026-06-23T19:07:54.000Z,https://www.tiktok.com/@pamela.dali7/video/7654669704681868577,ok,fra-FR,False
cmtwv93u90037il04y6vxb6xo,Saint-Esprit réponds-moi — 23 juin 2026 à 14h58,Saint-Esprit réponds-moi — Préparez-vous pour la porte des étoiles ouverte,Visions apocalyptiques : ouverture de la porte et esprits relâchés,élevée,False,Sous-titres TikTok (transcription automatique),j'ai vu la bim s'ouvrir,2026-06-23T13:58:42.000Z,https://www.tiktok.com/@pamela.dali7/video/7654590027246161185,ok,fra-FR,False
cmtwv94640039il046ku1assy,Saint-Esprit réponds-moi — 22 juin 2026 à 16h18,Saint-Esprit réponds-moi — Qu'est-ce qu'un vrai adorateur au quotidien,"Définition et pratiques du vrai adorateur (style de vie, tenue, attitude)",élevée,False,Sous-titres TikTok (transcription automatique),"l'adoration n'est pas la musique, c'est un style de vie",2026-06-22T15:18:40.000Z,https://www.tiktok.com/@pamela.dali7/video/7654239548389526817,ok,fra-FR,False
cmtwv94hh003bil04g6chjxt5,Saint-Esprit réponds-moi — 22 juin 2026 à 14h27,"Saint-Esprit réponds-moi — Musique, séraphins et composition pour le vrai adorateur","Anges (séraphins), tonalités et composition musicale dans l'adoration",élevée,False,Sous-titres TikTok (transcription automatique),« les sérafins... s'occupent de tout ce qui est son »,2026-06-22T13:27:10.000Z,https://www.tiktok.com/@pamela.dali7/video/7654210813846097185,ok,fra-FR,False
cmtwv94t7003dil04uishpve5,Saint-Esprit réponds-moi — 19 juin 2026 à 01h52,Saint-Esprit réponds-moi — Convoquer la mort : révélation sur son rôle,Dialogue spirituel avec l'esprit de la mort et son origine,élevée,False,Sous-titres TikTok (transcription automatique),« je suis l'ombre de l'Éternel »,2026-06-19T00:52:24.000Z,https://www.tiktok.com/@pamela.dali7/video/7652903055611923744,ok,fra-FR,False
cmtwv954q003fil0413wj2qad,Saint-Esprit réponds-moi — 17 juin 2026 à 17h50,"Saint-Esprit réponds-moi — Rejet familial, malédictions et confiance en Dieu","Opposition familiale, malédictions et posture chrétienne face aux attaques",moyenne,False,Sous-titres TikTok (transcription automatique),« non au retour à l'envoyeur »,2026-06-17T16:50:58.000Z,https://www.tiktok.com/@pamela.dali7/video/7652407905810926880,ok,fra-FR,False
cmtwv95g8003hil04hpr51w19,Saint-Esprit réponds-moi — 15 juin 2026 à 06h55,Saint-Esprit réponds-moi — Être un vrai adorateur en esprit et vérité,Introduction à l'adoration authentique et prière d'ouverture d'émission,élevée,False,Sous-titres TikTok (transcription automatique),« les vrais adorateurs vont l'adorer en esprit et en vérité »,2026-06-15T05:55:14.000Z,https://www.tiktok.com/@pamela.dali7/video/7651496753639787808,ok,fra-FR,False
cmtwv95xv003jil04f4f4lgoj,Saint-Esprit réponds-moi — 12 juin 2026 à 01h58,Saint-Esprit réponds-moi — Brise les trônes maléfiques et délivre ma famille,"Délivrance familiale, renversement d'hommes forts et libération du péché",élevée,False,Sous-titres TikTok (transcription automatique),renverse l'homme fort de ta famille,2026-06-12T00:58:03.000Z,https://www.tiktok.com/@pamela.dali7/video/7650306916471655713,ok,fra-FR,False
cmtwv969f003lil04oa836v65,Saint-Esprit réponds-moi — 10 juin 2026 à 19h41,"Saint-Esprit réponds-moi — Chercher Dieu dans l'intimité, pas la foule",Recherche de Dieu en privé plutôt que dans la seule fréquentation d'église,élevée,False,Sous-titres TikTok (transcription automatique),on ne cherche pas Dieu à l'église,2026-06-10T18:41:56.000Z,https://www.tiktok.com/@pamela.dali7/video/7649838907353271585,ok,fra-FR,False
cmtwv96tq003nil04sxb3cq8l,Saint-Esprit réponds-moi — 10 juin 2026 à 01h46,Saint-Esprit réponds-moi — Annonce de l'émission Le vrai adorateur,Présentation et invitation à la nouvelle émission d'adoration 'Le vrai adorateur',élevée,False,Sous-titres TikTok (transcription automatique),nous vous invitons à suivre cette nouvelle émission Le vrai adorateur,2026-06-10T00:46:46.000Z,https://www.tiktok.com/@pamela.dali7/video/7649561839608679713,ok,fra-FR,False
cmtwv975g003pil04hddi5mse,Saint-Esprit réponds-moi — 5 juin 2026 à 23h54,Saint-Esprit réponds-moi — Réveiller les dons spirituels en saison de Pentecôte,Appel à récupérer les dons spirituels et entendre la voix de Dieu,élevée,False,Sous-titres TikTok (transcription automatique),active tout ce qui s'est endormi en moi,2026-06-05T22:54:49.000Z,https://www.tiktok.com/@pamela.dali7/video/7648048647237684512,ok,fra-FR,False
cmtwv97h2003ril04o4mnfuvg,Saint-Esprit réponds-moi — 4 juin 2026 à 15h25,Saint-Esprit réponds-moi — Entendre la voix de Dieu et chercher l'essentiel,"Entendre la voix de Dieu, soif spirituelle, Pentecôte",élevée,False,Sous-titres TikTok (transcription automatique),Seigneur je veux entendre ta voix,2026-06-04T14:25:12.000Z,https://www.tiktok.com/@pamela.dali7/video/7647546235921943840,ok,fra-FR,False
cmtwv97so003til04q5vb72to,Saint-Esprit réponds-moi — 4 juin 2026 à 03h15,Saint-Esprit réponds-moi — Prière pour les servantes et leur protection,"Prière pour les femmes servantes, combat spirituel, encouragement",élevée,False,Sous-titres TikTok (transcription automatique),on va prier pour les servantes,2026-06-04T02:15:52.000Z,https://www.tiktok.com/@pamela.dali7/video/7647358287805041952,ok,fra-FR,False
cmtwv9849003vil04kx7ih8am,Saint-Esprit réponds-moi — 3 juin 2026 à 18h42,Saint-Esprit réponds-moi — Proposition de tenue pour l'église,Proposition de tenue pour l'église,élevée,True,Texte lisible sur la miniature (OCR); vidéo à écouter pour confirmer,proposition de tenue pour l'église,2026-06-03T17:42:53.000Z,https://www.tiktok.com/@pamela.dali7/video/7647226094319422752,no_transcript,OCR (couverture),True
cmtwv98fs003xil040wfqhpyf,Saint-Esprit réponds-moi — 2 juin 2026 à 14h37,Saint-Esprit réponds-moi — Louange « Héritage » : notre identité en Christ,"Présentation d'une louange ('Héritage'), identité en Christ",élevée,False,Sous-titres TikTok (transcription automatique),le titre c'est héritage en anglais heritage,2026-06-02T13:37:49.000Z,https://www.tiktok.com/@pamela.dali7/video/7646791854821887264,ok,fra-FR,False
cmtwv98rn003zil04i8vehovn,Saint-Esprit réponds-moi — 2 juin 2026 à 00h33,Saint-Esprit réponds-moi — Ne pas abandonner la vision que Dieu a donnée,Encouragement à persévérer dans les rêves et visions donnés par Dieu,élevée,False,Sous-titres TikTok (transcription automatique),ne pas abandonner ses rêves,2026-06-01T23:33:53.000Z,https://www.tiktok.com/@pamela.dali7/video/7646574376912981280,ok,fra-FR,False
cmtwv993x0041il04u4fn72zb,Saint-Esprit réponds-moi — 29 mai 2026 à 04h11,Saint-Esprit réponds-moi — Rechercher l'intimité avec Dieu et la préparation,Intimité avec Dieu et préparation spirituelle,élevée,False,Sous-titres TikTok (transcription automatique),« rechercher l'intimité » et « rentrer dans la préparation »,2026-05-29T03:11:24.000Z,https://www.tiktok.com/@pamela.dali7/video/7645146086516034849,ok,fra-FR,False
cmtwv99fc0043il047vgvd0bi,Saint-Esprit réponds-moi — 28 mai 2026 à 17h59,Saint-Esprit réponds-moi — L'intimité : se retirer pour mieux servir,Importance du retrait spirituel et du discernement,élevée,False,Sous-titres TikTok (transcription automatique),"« va cache-toi »; Jésus 30 ans caché, 3 ans public",2026-05-28T16:59:35.000Z,https://www.tiktok.com/@pamela.dali7/video/7644988422968347936,ok,fra-FR,False
cmtwv99tb0045il043276ybiv,Saint-Esprit réponds-moi — 26 mai 2026 à 18h38,Saint-Esprit réponds-moi — Sujet à confirmer (26/05/2026 18:38),sous-titres absents,faible,True,Aucun sous-titre ni texte de miniature exploitable; sujet à confirmer,Aucune transcription exploitable; validation manuelle requise.,2026-05-26T17:38:06.000Z,https://www.tiktok.com/@pamela.dali7/video/7644256177357983009,no_transcript,,False
cmtwv9a4q0047il040x894qul,Saint-Esprit réponds-moi — 25 mai 2026 à 16h01,Saint-Esprit réponds-moi — Comprendre le ministère prophétique et ses signes,"Explication du ministère prophétique, révélations et protocoles spirituels",élevée,False,Sous-titres TikTok (transcription automatique),"l'Éternel se révèle, ange Uriel, totem de l'aigle",2026-05-25T15:01:07.000Z,https://www.tiktok.com/@pamela.dali7/video/7643844641057508641,ok,fra-FR,False
cmtwv9ahc0049il04x4ntpupp,Saint-Esprit réponds-moi — 25 mai 2026 à 14h19,Saint-Esprit réponds-moi — Sujet à confirmer — 25/05/2026 14:19,Texte trop bruité,faible,True,Texte lisible sur la miniature (OCR); vidéo à écouter pour confirmer,"« 7, — — fo »",2026-05-25T13:19:48.000Z,https://www.tiktok.com/@pamela.dali7/video/7643818532462988576,no_transcript,OCR (couverture),True
cmtwv9atb004bil046j9i3wun,Saint-Esprit réponds-moi — 24 mai 2026 à 18h47,Saint-Esprit réponds-moi — Le sang du serviteur et l'adoration,Brève image spirituelle liée au sang et à l'adoration,faible,True,Sous-titres TikTok (transcription automatique),« le sang du serviteur de Dieu » et « l'adorateur »,2026-05-24T17:47:10.000Z,https://www.tiktok.com/@pamela.dali7/video/7643516346684149025,ok,fra-FR,False
cmtwv9b6x004dil04zwv3vkx2,Saint-Esprit réponds-moi — 23 mai 2026 à 23h04,Saint-Esprit réponds-moi — Un chant d'adoration traverse mon esprit,Méditation sur un chant d'adoration,faible,True,Sous-titres TikTok (transcription automatique),le chant... l'adorateur... ça passait dans mon esprit,2026-05-23T22:04:56.000Z,https://www.tiktok.com/@pamela.dali7/video/7643211685603380513,ok,fra-FR,False
cmtwv9bib004fil0405qouecm,Saint-Esprit réponds-moi — 23 mai 2026 à 00h27,Saint-Esprit réponds-moi — Révélation sur Judas et les évangiles perdus,Interprétation de l'évangile de Judas et évangiles apocryphes,élevée,False,Sous-titres TikTok (transcription automatique),Judas était 1 démon,2026-05-22T23:27:30.000Z,https://www.tiktok.com/@pamela.dali7/video/7642861876338101537,ok,fra-FR,False
cmtwv9btk004hil04q7iwse0h,Saint-Esprit réponds-moi — 21 mai 2026 à 19h01,Saint-Esprit réponds-moi — Appel urgent à la repentance et au choix,Appel à la conversion et repentance,élevée,False,Sous-titres TikTok (transcription automatique),réconcilie-toi avec moi prends ma main,2026-05-21T18:01:54.000Z,https://www.tiktok.com/@pamela.dali7/video/7642406887408913697,ok,fra-FR,False
cmtwv9c5d004jil04e8xjy7lu,Saint-Esprit réponds-moi — 21 mai 2026 à 18h01,Saint-Esprit réponds-moi — Vision : Jésus vide le séjour des morts,Vision du séjour des morts et victoire du Christ,élevée,False,Sous-titres TikTok (transcription automatique),Jésus a vidé le séjour des morts,2026-05-21T17:01:47.000Z,https://www.tiktok.com/@pamela.dali7/video/7642391396434988320,ok,fra-FR,False
cmtwv9chn004lil04slb3m7xk,Saint-Esprit réponds-moi — 21 mai 2026 à 17h23,Saint-Esprit réponds-moi — Vision du séjour des morts et appel à ne pas y aller,Témoignage vision du séjour des morts et avertissement,élevée,False,Sous-titres TikTok (transcription automatique),"«je vois 1 serpent blanc», «12 rois de l'enfer», «lieu de tourment»",2026-05-21T16:23:27.000Z,https://www.tiktok.com/@pamela.dali7/video/7642381516403658017,ok,fra-FR,False
cmtwv9ctm004nil0497e4f2g6,Saint-Esprit réponds-moi — 20 mai 2026 à 22h55,Saint-Esprit réponds-moi — Live ce soir : Afrika Alkebulane sur YouTube à 22h00,Annonce de live YouTube,moyenne,True,Texte lisible sur la miniature (OCR); vidéo à écouter pour confirmer,« Live ce solr. sur youtube Afrika alkebulane ... Dalia 22h00 »,2026-05-20T21:55:26.000Z,https://www.tiktok.com/@pamela.dali7/photo/7642095984184429856,no_item,OCR (couverture),True
cmtwv9ds2004til042zla5mgd,Saint-Esprit réponds-moi — 20 mai 2026 à 12h26,Saint-Esprit réponds-moi — Rencontrer la Parole vivante plutôt que la Bible seulement,Importance de la Parole vivante par rapport à la Bible écrite,élevée,False,Sous-titres TikTok (transcription automatique),"«la parole n'est pas pour la tête, c'est pour le cœur»",2026-05-20T11:26:39.000Z,https://www.tiktok.com/@pamela.dali7/video/7641933947139542304,ok,fra-FR,False
cmtwv9e46004vil04lvrh89ou,Saint-Esprit réponds-moi — 19 mai 2026 à 17h17,Saint-Esprit réponds-moi — Jésus-Christ t'aime,Déclaration courte,élevée,True,Texte lisible sur la miniature (OCR); vidéo à écouter pour confirmer,« JESUS CHRIST T'AIME »,2026-05-19T16:17:25.000Z,https://www.tiktok.com/@pamela.dali7/photo/7641637790807035168,no_item,OCR (couverture),True
cmtwv9eia004xil04qemq9ndf,Saint-Esprit réponds-moi — 19 mai 2026 à 06h14,"Saint-Esprit réponds-moi — Louange «Je veux ta face», inspirée par Gabrielle Eddy",Chanson/louange inspirée par une artiste (interprétation),élevée,False,Sous-titres TikTok (transcription automatique),"«je veux ta face», «composé... inspirée d'une dame Gabriel Eddy»",2026-05-19T05:14:33.000Z,https://www.tiktok.com/@pamela.dali7/video/7641466970759548193,ok,fra-FR,False
cmtwv9etq004zil04lmncoj0a,Saint-Esprit réponds-moi — 18 mai 2026 à 23h06,Saint-Esprit réponds-moi — Annonce reprise des lives YouTube et appel aux artistes ivoiriens,Annonce de reprise de lives YouTube et appel spirituel aux artistes,élevée,False,Sous-titres TikTok (transcription automatique),"«on reprend les lives sur YouTube», «Jésus vous aime artiste de Côte d'Ivoire»",2026-05-18T22:06:17.000Z,https://www.tiktok.com/@pamela.dali7/video/7641356607179328800,ok,fra-FR,False
cmtwv9f5r0051il04zbw4yz2i,Saint-Esprit réponds-moi — 18 mai 2026 à 17h20,Saint-Esprit réponds-moi — Ai-je vraiment la présence du Saint‑Esprit,Intimité et présence du Saint‑Esprit,élevée,False,Sous-titres TikTok (transcription automatique),as-tu réellement le Saint-Esprit,2026-05-18T16:20:10.000Z,https://www.tiktok.com/@pamela.dali7/video/7641267412570033440,ok,fra-FR,False
cmtwv9fuc0055il04e9i0vwwu,Saint-Esprit réponds-moi — 17 mai 2026 à 00h03,Saint-Esprit réponds-moi — Sujet à confirmer (17/05/2026 00:03),sous-titres absents,faible,True,Aucun sous-titre ni texte de miniature exploitable; sujet à confirmer,Aucune transcription exploitable; validation manuelle requise.,2026-05-16T23:03:12.000Z,https://www.tiktok.com/@pamela.dali7/video/7640629106928897313,no_transcript,,False
cmtwv9g5o0057il04nthw1nmq,Saint-Esprit réponds-moi — 16 mai 2026 à 18h13,Saint-Esprit réponds-moi — Les luttes pour partager mes révélations,Résistance spirituelle lors de l'enregistrement de révélations,élevée,False,Sous-titres TikTok (transcription automatique),les esprits avaient entouré ma maison,2026-05-16T17:13:17.000Z,https://www.tiktok.com/@pamela.dali7/video/7640538933620706593,ok,fra-FR,False
cmtwv9gi30059il046g2hkn3n,Saint-Esprit réponds-moi — 15 mai 2026 à 23h48,Saint-Esprit réponds-moi — Humilité devant la gloire et rencontre du Christ,"Vision de Jésus, humilité et appel à l'humilité",élevée,False,Sous-titres TikTok (transcription automatique),l'humilité précède la gloire,2026-05-15T22:48:42.000Z,https://www.tiktok.com/@pamela.dali7/video/7640254283325246752,ok,fra-FR,False
cmtwv9gtq005bil04ie6c9qlw,Saint-Esprit réponds-moi — 15 mai 2026 à 01h32,Saint-Esprit réponds-moi — Comprendre la Pentecôte et sa puissance,"Enseignement sur la Pentecôte, sa signification et ses prières",élevée,False,Sous-titres TikTok (transcription automatique),le Saint-Esprit est descendu sur eux,2026-05-15T00:32:50.000Z,https://www.tiktok.com/@pamela.dali7/video/7639910032695479584,ok,fra-FR,False
cmtwv9h5n005dil04v865lm73,Saint-Esprit réponds-moi — 13 mai 2026 à 17h12,Saint-Esprit réponds-moi — Pourquoi Dieu se révèle selon la maturité,Révélation et préparation spirituelle,élevée,False,Sous-titres TikTok (transcription automatique),seul le Seigneur sait quand il va se révéler,2026-05-13T16:12:28.000Z,https://www.tiktok.com/@pamela.dali7/video/7639410006412119328,ok,fra-FR,False
cmtwv9hha005fil04dn5tpivu,Saint-Esprit réponds-moi — 13 mai 2026 à 04h56,Saint-Esprit réponds-moi — La révélation des fils et la transformation,Révélation des fils et transformation spirituelle,élevée,False,Sous-titres TikTok (transcription automatique),la révélation des fils,2026-05-13T03:56:00.000Z,https://www.tiktok.com/@pamela.dali7/video/7639220217230429472,ok,fra-FR,False
cmtwv9ht2005hil04q24g9xst,Saint-Esprit réponds-moi — 12 mai 2026 à 17h57,Saint-Esprit réponds-moi — Chant de repentance d'Arkélie et son sens,Chant de repentance et témoignage,élevée,False,Sous-titres TikTok (transcription automatique),il a composé ce chant pour demander pardon à l'Éternel,2026-05-12T16:57:54.000Z,https://www.tiktok.com/@pamela.dali7/video/7639050626567114017,ok,fra-FR,False
cmtwv9i4g005jil04y07yzbjv,Saint-Esprit réponds-moi — 11 mai 2026 à 17h31,Saint-Esprit réponds-moi — Dieu cherche de vrais adorateurs,Thème spirituel (adoration),élevée,True,Texte lisible sur la miniature (OCR); vidéo à écouter pour confirmer,« DIEU CHERCHE DE VRAIS ADORATEURS » + « ECOUTE CE MESSAGE... EXTRAIT DU LIVE SUR YOUTUBE »,2026-05-11T16:31:47.000Z,https://www.tiktok.com/@pamela.dali7/video/7638672813880134934,no_transcript,OCR (couverture),True
cmtwv9ii5005lil04c5sd5f7f,Saint-Esprit réponds-moi — 9 mai 2026 à 19h12,Saint-Esprit réponds-moi — L'Éternel est plus grand que ce que l'on dit,Louange et proclamation de foi,élevée,False,Sous-titres TikTok (transcription automatique),l'Éternel est plus grand que ce que l'on dit,2026-05-09T18:12:24.000Z,https://www.tiktok.com/@pamela.dali7/video/7637956570654969090,ok,fra-FR,False
cmtwv9itj005nil04f77p0lsd,Saint-Esprit réponds-moi — 9 mai 2026 à 18h42,Saint-Esprit réponds-moi — Humilité et lutte pour voir le Christ,humilité et rencontre céleste,élevée,False,Sous-titres TikTok (transcription automatique),je veux que tu parles de l'humilité,2026-05-09T17:42:55.000Z,https://www.tiktok.com/@pamela.dali7/video/7637948971058613526,ok,fra-FR,False
cmtwv9j54005pil04m75aujfk,Saint-Esprit réponds-moi — 8 mai 2026 à 02h11,Saint-Esprit réponds-moi — Marcher comme Jésus pour briser les liens,libération et marche chrétienne,élevée,False,Sous-titres TikTok (transcription automatique),marche comme Jésus c'est tout,2026-05-08T01:11:34.000Z,https://www.tiktok.com/@pamela.dali7/video/7637322420151504150,ok,fra-FR,False
cmtwv9jgo005ril04v7fp446c,Saint-Esprit réponds-moi — 5 mai 2026 à 18h27,Saint-Esprit réponds-moi — Toucher pour recevoir délivrance et miracle,invocation de guérison et délivrance,élevée,False,Sous-titres TikTok (transcription automatique),ce soir je te touche et je reçois ma délivrance,2026-05-05T17:27:23.000Z,https://www.tiktok.com/@pamela.dali7/video/7636460627862572310,ok,fra-FR,False
cmtwv9jt6005til04oebihc2a,Saint-Esprit réponds-moi — 2 mai 2026 à 19h09,Saint-Esprit réponds-moi — Renoncer à la richesse pour suivre Jésus,témoignage sur renoncement et vocation,élevée,False,Sous-titres TikTok (transcription automatique),restez concentré suivez Jésus-Christ et non la richesse,2026-05-02T18:09:18.000Z,https://www.tiktok.com/@pamela.dali7/video/7635358175905975574,ok,fra-FR,False
cmtwv9k62005vil04op363r13,Saint-Esprit réponds-moi — 2 mai 2026 à 14h59,"Saint-Esprit réponds-moi — Le vrai adorateur: musique, tenue et authenticité",Critique de la musique chrétienne et adoration authentique,élevée,False,Sous-titres TikTok (transcription automatique),le but du vrai adorateur c'est vraiment faire les choses selon le Saint-Esprit,2026-05-02T13:59:06.000Z,https://www.tiktok.com/@pamela.dali7/video/7635293700645522710,ok,fra-FR,False
cmtwv9khl005xil047sv4mgw7,Saint-Esprit réponds-moi — 27 avril 2026 à 13h39,"Saint-Esprit réponds-moi — Élevez vos portes, que le Roi de gloire entre",Louange/chant d'adoration,élevée,False,Sous-titres TikTok (transcription automatique),élevez vos portes éternels que le roi de gloire,2026-04-27T12:39:37.000Z,https://www.tiktok.com/@pamela.dali7/video/7633417791625792791,ok,fra-FR,False
cmtwv9kth005zil04lfrrdxke,Saint-Esprit réponds-moi — 27 avril 2026 à 03h27,"Saint-Esprit réponds-moi — Rechercher l'essentiel : Jésus, paroles de la vie",Priorité du Christ et recherche de l'essentiel,élevée,False,Sous-titres TikTok (transcription automatique),tu as les paroles de la vie,2026-04-27T02:27:42.000Z,https://www.tiktok.com/@pamela.dali7/video/7633260102144789782,ok,fra-FR,False
cmtwv9l500061il04n7lmycp3,Saint-Esprit réponds-moi — 26 avril 2026 à 20h57,Saint-Esprit réponds-moi — De spectateur à disciple: demeurer dans la présence,Appel au discipulat et à la transformation personnelle,élevée,False,Sous-titres TikTok (transcription automatique),demeurer dans la présence de Dieu,2026-04-26T19:57:48.000Z,https://www.tiktok.com/@pamela.dali7/video/7633159625923202326,ok,fra-FR,False
cmtwv9lge0063il04l23qlwou,Saint-Esprit réponds-moi — 26 avril 2026 à 17h07,"Saint-Esprit réponds-moi — Ne soyez pas simples spectateurs, devenez disciples",appel à l'engagement et au discipulat,élevée,False,Sous-titres TikTok (transcription automatique),vous n'allez pas venir en tant que téléspectateur,2026-04-26T16:07:57.000Z,https://www.tiktok.com/@pamela.dali7/video/7633100392494271766,ok,fra-FR,False
cmtwv9lrt0065il04q6p63v8v,Saint-Esprit réponds-moi — 26 avril 2026 à 04h27,"Saint-Esprit réponds-moi — L'Éternel ne nous abandonne pas, mais peut se retirer",présence de Dieu et retrait du Saint-Esprit,élevée,False,Sous-titres TikTok (transcription automatique),l'Éternel n'abandonne pas il peut se retirer,2026-04-26T03:27:45.000Z,https://www.tiktok.com/@pamela.dali7/video/7632904490760310038,ok,fra-FR,False
cmtwv9m430067il041mg3rnqw,Saint-Esprit réponds-moi — 23 avril 2026 à 02h23,Saint-Esprit réponds-moi — Rêve d'avertissement sur les réseaux comme pièges spirituels,rêve et mise en garde contre l'addiction aux réseaux,élevée,False,Sous-titres TikTok (transcription automatique),le Seigneur m'a parlé des réseaux sociaux,2026-04-23T01:23:48.000Z,https://www.tiktok.com/@pamela.dali7/video/7631759294462987542,ok,fra-FR,False
cmtwv9mre0069il04us3fuex3,Saint-Esprit réponds-moi — 21 avril 2026 à 20h38,"Saint-Esprit réponds-moi — Veillez, discernement face aux voix du monde",parabole des dix vierges et appel au discernement,moyenne,False,Sous-titres TikTok (transcription automatique),10 vierges 5 étaient folles 5 étaient sages,2026-04-21T19:38:34.000Z,https://www.tiktok.com/@pamela.dali7/video/7631299242539158806,ok,fra-FR,False
cmtwv9n35006bil04cv8397yd,Saint-Esprit réponds-moi — 19 avril 2026 à 23h02,Saint-Esprit réponds-moi — Sujet à confirmer — 19/04/2026 23:02,Texte trop bruité,faible,True,Texte lisible sur la miniature (OCR); vidéo à écouter pour confirmer,"« 2 7 . , . . # ~ . - * Pits, 7 = mes 9 }... »",2026-04-19T22:02:51.000Z,https://www.tiktok.com/@pamela.dali7/video/7630594251679698198,no_transcript,OCR (couverture),True
cmtwv9neg006dil04qkta34md,Saint-Esprit réponds-moi — 19 avril 2026 à 18h45,Saint-Esprit réponds-moi — Connais ton programme divin et ton couloir,Connaître son timing divin et rester dans son appel,élevée,False,Sous-titres TikTok (transcription automatique),est-ce que tu connais ton programme,2026-04-19T17:45:27.000Z,https://www.tiktok.com/@pamela.dali7/video/7630527921064512790,ok,fra-FR,False
cmtwv9nq4006fil04535lk0lw,Saint-Esprit réponds-moi — 19 avril 2026 à 18h43,Saint-Esprit réponds-moi — Es-tu prêt et connais-tu ton couloir divin,Préparation à la mort spirituelle et vocation personnelle,élevée,False,Sous-titres TikTok (transcription automatique),la mort va frapper à ta porte,2026-04-19T17:43:36.000Z,https://www.tiktok.com/@pamela.dali7/video/7630527447217360150,ok,fra-FR,False
cmtwv9o1l006hil047zbt2ekc,Saint-Esprit réponds-moi — 18 avril 2026 à 04h00,Saint-Esprit réponds-moi — Louange courte «Give me you» et vœux,Courte louange/chant exprimant 'Give me you' et vœux,moyenne,False,Sous-titres TikTok (transcription automatique),Paroles : «Give me you»,2026-04-18T03:00:26.000Z,https://www.tiktok.com/@pamela.dali7/video/7629928769548995862,ok,eng-US,False
cmtwv9odg006jil04eddiozxr,Saint-Esprit réponds-moi — 16 avril 2026 à 16h58,Saint-Esprit réponds-moi — Afrika Alkebulane : Épouse KONGO,Nom / mention (personne ou titre),moyenne,True,Texte lisible sur la miniature (OCR); vidéo à écouter pour confirmer,« Afrika Alkebulane Epouse KONGO »,2026-04-16T15:58:17.000Z,https://www.tiktok.com/@pamela.dali7/video/7629387050441133334,no_transcript,OCR (couverture),True
cmtwv9p0s006nil046vt2qsq0,Saint-Esprit réponds-moi — 13 avril 2026 à 21h07,Saint-Esprit réponds-moi — Cherche 'La clé de l'humilité' de Bishop Dac,Recommandation de lecture : la clé de l'humilité,élevée,False,Sous-titres TikTok (transcription automatique),lis son livre la clé de l'humilité,2026-04-13T20:07:01.000Z,https://www.tiktok.com/@pamela.dali7/video/7628337892410084630,ok,fra-FR,False
cmtwv9pcj006pil04eucgkc1b,Saint-Esprit réponds-moi — 13 avril 2026 à 05h48,Saint-Esprit réponds-moi — Sujet à confirmer — 13/04/2026 05:48,Sujet à confirmer,faible,True,Texte lisible sur la miniature (OCR); vidéo à écouter pour confirmer,"extraits OCR: ""la con crati y""",2026-04-13T04:48:10.000Z,https://www.tiktok.com/@pamela.dali7/video/7628101107616599318,no_transcript,OCR (couverture),True
cmtwv9pq1006ril04mjjnxue6,Saint-Esprit réponds-moi — 13 avril 2026 à 04h12,Saint-Esprit réponds-moi — La maladie n'est pas dans le plan de Dieu,guérison et délivrance,élevée,False,Sous-titres TikTok (transcription automatique),la maladie que tu es en train de vivre n'est pas,2026-04-13T03:12:11.000Z,https://www.tiktok.com/@pamela.dali7/video/7628076372983926038,ok,fra-FR,False
cmtwv9q1r006til04h1efbdgo,Saint-Esprit réponds-moi — 10 avril 2026 à 02h35,Saint-Esprit réponds-moi — Le vrai adorateur : le musicien selon Dieu,adoration et musique chrétienne,élevée,False,Sous-titres TikTok (transcription automatique),le livre du musicien selon Dieu,2026-04-10T01:35:42.000Z,https://www.tiktok.com/@pamela.dali7/video/7626938253110709526,ok,fra-FR,False
cmtwv9qdv006vil04f1jcnjem,Saint-Esprit réponds-moi — 9 avril 2026 à 17h52,Saint-Esprit réponds-moi — Le plateau du vrai adorateur : raffiner l'adoration,émission et critique constructive de l'adoration,élevée,False,Sous-titres TikTok (transcription automatique),le plateau du vrai adorateur,2026-04-09T16:52:35.000Z,https://www.tiktok.com/@pamela.dali7/video/7626803448029203734,ok,fra-FR,False
cmtwv9qqe006xil04vqrhd2je,Saint-Esprit réponds-moi — 8 avril 2026 à 05h12,Saint-Esprit réponds-moi — L'étoile des mages expliquée : guidée dans les cœurs,interprétation biblique de l'étoile des mages,élevée,False,Sous-titres TikTok (transcription automatique),l'étoile n'était pas physique,2026-04-08T04:12:57.000Z,https://www.tiktok.com/@pamela.dali7/video/7626236604155301142,ok,fra-FR,False
cmtwv9r4w006zil04zwsmuhwc,Saint-Esprit réponds-moi — 8 avril 2026 à 01h16,Saint-Esprit réponds-moi — Appel aux cameramen et préparation nocturne,préparation technique et recherche de cameraman,élevée,False,Sous-titres TikTok (transcription automatique),je cherche 1 très bon cameraman,2026-04-08T00:16:14.000Z,https://www.tiktok.com/@pamela.dali7/video/7626175604018203926,ok,fra-FR,False
cmtwv9rge0071il043vkkbsoo,Saint-Esprit réponds-moi — 6 avril 2026 à 01h51,Saint-Esprit réponds-moi — Devenir un vrai adorateur recherché par Dieu,appel à l'authenticité dans l'adoration,élevée,False,Sous-titres TikTok (transcription automatique),Dieu cherche les vrais adorateurs,2026-04-06T00:51:12.000Z,https://www.tiktok.com/@pamela.dali7/video/7625442446486424854,ok,fra-FR,False
cmtwv9rrx0073il0447k8ez7n,Saint-Esprit réponds-moi — 6 avril 2026 à 01h50,Saint-Esprit réponds-moi — L'adoration vraie contre les ruses du diable,l'adoration comme protection contre les distractions du diable,élevée,False,Sous-titres TikTok (transcription automatique),"Ce que Satan convoite, c'est l'adoration",2026-04-06T00:50:47.000Z,https://www.tiktok.com/@pamela.dali7/video/7625442337841286422,ok,fra-FR,False
cmtwv9s3o0075il04ucnyeub5,Saint-Esprit réponds-moi — 6 avril 2026 à 01h47,Saint-Esprit réponds-moi — Nouvelle émission pour musiciens et adorateurs,émission dédiée aux musiciens chrétiens et à l'adoration,élevée,False,Sous-titres TikTok (transcription automatique),émission spéciale pour les musiciens chrétiens,2026-04-06T00:47:39.000Z,https://www.tiktok.com/@pamela.dali7/video/7625441529028431126,ok,fra-FR,False
cmtwv9sf20077il04b0hddrrc,Saint-Esprit réponds-moi — 5 avril 2026 à 04h01,Saint-Esprit réponds-moi — Louange : N'oubliez jamais notre adoration,Louange / adoration,élevée,False,Sous-titres TikTok (transcription automatique),n'oubliez jamais notre adoration nourrit le père,2026-04-05T03:01:30.000Z,https://www.tiktok.com/@pamela.dali7/video/7625104939106471170,ok,fra-FR,False
cmtwv9sqf0079il047tzpuf31,Saint-Esprit réponds-moi — 1 avril 2026 à 18h50,Saint-Esprit réponds-moi — Percevoir les personnes comme des plantes spirituelles,Vision prophétique / image des plantes,élevée,False,Sous-titres TikTok (transcription automatique),je vois 1 plante,2026-04-01T17:50:09.000Z,https://www.tiktok.com/@pamela.dali7/video/7623849599928634646,ok,fra-FR,False
cmtwv9t23007bil04cyfu7s5q,Saint-Esprit réponds-moi — 31 mars 2026 à 20h15,Saint-Esprit réponds-moi — Sujet à confirmer — 31/03/2026 20:15,Sujet à confirmer,faible,True,Texte lisible sur la miniature (OCR); vidéo à écouter pour confirmer,"extraits OCR: ""KAR Vie""",2026-03-31T19:15:34.000Z,https://www.tiktok.com/@pamela.dali7/video/7623500527346715926,no_transcript,OCR (couverture),True
cmtwv9tdu007dil04om49esu1,Saint-Esprit réponds-moi — 29 mars 2026 à 23h46,Saint-Esprit réponds-moi — Soutenir les musiciens et choristes de l'église,Soutien aux musiciens et choristes,élevée,False,Sous-titres TikTok (transcription automatique),aidez les musiciens aidez les chantes,2026-03-29T22:46:16.000Z,https://www.tiktok.com/@pamela.dali7/video/7622812653362171139,ok,fra-FR,False
cmtwv9tpm007fil0449xxdgbi,Saint-Esprit réponds-moi — 28 mars 2026 à 22h21,"Saint-Esprit réponds-moi — Suivre Jésus-Christ, pas seulement les hommes de la Bible",Discernement : suivre Jésus,élevée,False,Sous-titres TikTok (transcription automatique),il faut suivre Jésus-Christ,2026-03-28T21:21:45.000Z,https://www.tiktok.com/@pamela.dali7/video/7622419786537913622,ok,fra-FR,False
cmtwv9udt007jil0405lmtkm7,Saint-Esprit réponds-moi — 27 mars 2026 à 03h38,Saint-Esprit réponds-moi — Servir Dieu avec crainte à l'heure du jugement,crainte du jugement et vigilance spirituelle,élevée,False,Sous-titres TikTok (transcription automatique),servez l'Éternel avec tremblement,2026-03-27T02:38:43.000Z,https://www.tiktok.com/@pamela.dali7/video/7621759300138028310,ok,fra-FR,False
cmtwv9upv007lil04eja2u23w,Saint-Esprit réponds-moi — 27 mars 2026 à 03h37,Saint-Esprit réponds-moi — Marcher en intégrité avant le jugement,"marche chrétienne, intégrité et justice divine",élevée,False,Sous-titres TikTok (transcription automatique),pense à ta marche chrétienne,2026-03-27T02:37:13.000Z,https://www.tiktok.com/@pamela.dali7/video/7621758911712120067,ok,fra-FR,False
cmtwv9v1j007nil04tzpjxtps,Saint-Esprit réponds-moi — 26 mars 2026 à 16h54,"Saint-Esprit réponds-moi — Recherchez les choses du royaume, Jésus a besoin de toi",appel à rechercher le royaume et servir Jésus,élevée,False,Sous-titres TikTok (transcription automatique),Jésus a besoin de toi,2026-03-26T15:54:45.000Z,https://www.tiktok.com/@pamela.dali7/video/7621593349635443990,ok,fra-FR,False
cmtwv9vda007pil045l2tspbs,Saint-Esprit réponds-moi — 26 mars 2026 à 02h16,"Saint-Esprit réponds-moi — Être un adorateur vrai, pas une adoration égoïste",adoration sincère versus adoration égoïste,moyenne,False,Sous-titres TikTok (transcription automatique),on est tellement égoïste,2026-03-26T01:16:23.000Z,https://www.tiktok.com/@pamela.dali7/video/7621366997808401686,ok,fra-FR,False
cmtwv9vph007ril041amm0i5c,Saint-Esprit réponds-moi — 25 mars 2026 à 17h54,Saint-Esprit réponds-moi — La polygamie n'est pas dans le plan de Dieu,polygamie et enseignement biblique,élevée,False,Sous-titres TikTok (transcription automatique),la polygamie n'est pas dans le plan de l'Éternel,2026-03-25T16:54:18.000Z,https://www.tiktok.com/@pamela.dali7/video/7621237612858133782,ok,fra-FR,False
cmtwv9w1d007til044vvj7y9b,Saint-Esprit réponds-moi — 22 mars 2026 à 23h03,Saint-Esprit réponds-moi — Envoie tes questions bibliques par WhatsApp,invitation à envoyer questions et préoccupations,élevée,False,Sous-titres TikTok (transcription automatique),vous pouvez m'envoyer vos préoccupations par WhatsApp,2026-03-22T22:03:15.000Z,https://www.tiktok.com/@pamela.dali7/video/7620203969687588118,ok,fra-FR,False
cmtwv9wdd007vil0453irk83b,Saint-Esprit réponds-moi — 22 mars 2026 à 04h27,Saint-Esprit réponds-moi — Live déplacé au mercredi soir,changement d'horaire du live,élevée,False,Sous-titres TikTok (transcription automatique),nous avons déplacé le live ... à mercredi de 22h à 23h,2026-03-22T03:27:29.000Z,https://www.tiktok.com/@pamela.dali7/video/7619916441923456278,ok,fra-FR,False
cmtwv9x07007zil04s9cntzpe,Saint-Esprit réponds-moi — 20 mars 2026 à 23h49,Saint-Esprit réponds-moi — Merci Jésus-Christ pour l'ouverture du temple au 1er mois,remerciement / ouverture du temple,élevée,True,Texte lisible sur la miniature (OCR); vidéo à écouter pour confirmer,"extraits OCR: ""MERCI JESUS CHRIST POUR LOUVERTURE DU TEMPLE... PREMIER MOIS DE L'ANNEE. NOUS SOM ALIGNE""",2026-03-20T22:49:22.000Z,https://www.tiktok.com/@pamela.dali7/video/7619473686264892694,no_transcript,OCR (couverture),True
cmtwv9xcb0081il04aibmok9z,Saint-Esprit réponds-moi — 20 mars 2026 à 03h40,Saint-Esprit réponds-moi — Pourquoi les serviteurs s'épuisent en ministère,épuisement spirituel des serviteurs,élevée,False,Sous-titres TikTok (transcription automatique),"vous donnez la vie, vous perdez de l'énergie",2026-03-20T02:40:00.000Z,https://www.tiktok.com/@pamela.dali7/video/7619162032067185942,ok,fra-FR,False
cmtwv9xnh0083il044vroe9nf,Saint-Esprit réponds-moi — 17 mars 2026 à 00h48,Saint-Esprit réponds-moi — Sujet à confirmer — 17/03/2026 00:48,Sujet à confirmer,faible,True,Texte lisible sur la miniature (OCR); vidéo à écouter pour confirmer,"texte très bruité, fragments OCR: ""rp AN dj Ass"", ""AL TT""",2026-03-16T23:48:29.000Z,https://www.tiktok.com/@pamela.dali7/video/7618004578440580374,no_transcript,OCR (couverture),True
cmtwv9ybz0087il049b6ol54s,Saint-Esprit réponds-moi — 16 mars 2026 à 18h54,Saint-Esprit réponds-moi — Mélodie spontanée et vision du Père,mélodie spontanée / vision du Père,moyenne,False,Sous-titres TikTok (transcription automatique),dans mon esprit je vois le père dit qui en veux-je,2026-03-16T17:54:07.000Z,https://www.tiktok.com/@pamela.dali7/video/7617913258049129750,ok,fra-FR,False
cmtwv9yne0089il04kgl12xch,Saint-Esprit réponds-moi — 9 mars 2026 à 04h34,Saint-Esprit réponds-moi — Chant et purification par le sang de l'Agneau,chant / appel à la purification,élevée,False,Sous-titres TikTok (transcription automatique),"prie avec moi, lave-toi, purifie-toi par le sang de l'agneau",2026-03-09T03:34:38.000Z,https://www.tiktok.com/@pamela.dali7/video/7615094175112940822,ok,fra-FR,False
cmtwv9zn0008fil04pq7tdrxh,Saint-Esprit réponds-moi — 28 février 2026 à 23h29,Saint-Esprit réponds-moi — Délivrance et repentance face à la sorcellerie,"délivrance, maraboutage, confession et repentir",élevée,False,Sous-titres TikTok (transcription automatique),"tu l'as marabouté, confesse-toi devant ton mari",2026-02-28T22:29:25.000Z,https://www.tiktok.com/@pamela.dali7/video/7612046842855001366,ok,fra-FR,False
cmtwv9zyl008hil04evirqwmz,Saint-Esprit réponds-moi — 26 février 2026 à 17h18,Saint-Esprit réponds-moi — Sujet à confirmer — 26/02/2026 17:18,Sujet à confirmer,faible,True,Texte lisible sur la miniature (OCR); vidéo à écouter pour confirmer,"fragments OCR: ""Pe"", ""Be"" (texte peu lisible)",2026-02-26T16:18:06.000Z,https://www.tiktok.com/@pamela.dali7/video/7611208981134003478,no_transcript,OCR (couverture),True
cmtwva0ab008jil04o26oapwt,Saint-Esprit réponds-moi — 26 février 2026 à 13h43,Saint-Esprit réponds-moi — Louange spontanée : prendre du temps pour louer Jésus,louange / chant spontané,élevée,False,Sous-titres TikTok (transcription automatique),"je vais chanter, ça fait longtemps que j'ai chanté",2026-02-26T12:43:01.000Z,https://www.tiktok.com/@pamela.dali7/video/7611153556355271958,ok,fra-FR,False
cmtwva0m1008lil04p4zjtylc,Saint-Esprit réponds-moi — 22 février 2026 à 23h47,Saint-Esprit réponds-moi — Danger spirituel de partager ta photo en ligne,Avertissement spirituel sur le partage d'images et ses risques,élevée,False,Sous-titres TikTok (transcription automatique),"1 fois qu'on a ton image, on a ton âme.",2026-02-22T22:47:43.000Z,https://www.tiktok.com/@pamela.dali7/video/7609825043694046486,ok,fra-FR,False
cmtwva0xs008nil04y223bu12,Saint-Esprit réponds-moi — 22 février 2026 à 04h20,Saint-Esprit réponds-moi — Appel à veiller et demander une vision,Invitation à prier pour recevoir une vision/veille spirituelle,faible,True,Sous-titres TikTok (transcription automatique),priez pour avoir une vision ouverte,2026-02-22T03:20:47.000Z,https://www.tiktok.com/@pamela.dali7/video/7609524328149011715,ok,fra-FR,False
cmtwva1li008ril0411us3mnd,Saint-Esprit réponds-moi — 17 février 2026 à 02h38,"Saint-Esprit réponds-moi — Jésus marchait avec les pécheurs, appel à miséricorde",Vision montrant Jésus auprès des pécheurs et exhortation à la miséricorde,élevée,False,Sous-titres TikTok (transcription automatique),Il était tout le temps avec les païens,2026-02-17T01:38:15.000Z,https://www.tiktok.com/@pamela.dali7/video/7607642482708434198,ok,fra-FR,False
cmtwva1xd008til04nm8yrz3s,Saint-Esprit réponds-moi — 16 février 2026 à 22h49,"Saint-Esprit réponds-moi — Ne jugez pas, cultivez la miséricorde",Exhortation contre le jugement et pour la compassion envers les autres,élevée,False,Sous-titres TikTok (transcription automatique),la miséricorde triomphe du jugement,2026-02-16T21:49:15.000Z,https://www.tiktok.com/@pamela.dali7/video/7607583468771429654,ok,fra-FR,False
cmtwva29q008vil040if4ou2b,Saint-Esprit réponds-moi — 16 février 2026 à 17h49,Saint-Esprit réponds-moi — Arrêtons de juger et aidons les nouveaux croyants,Jugement envers les nouveaux croyants et transformation,élevée,False,Sous-titres TikTok (transcription automatique),On a fini avec juger notre prochain,2026-02-16T16:49:22.000Z,https://www.tiktok.com/@pamela.dali7/video/7607506189047352579,ok,fra-FR,False
cmtwva2lg008xil04oglpt2n3,Saint-Esprit réponds-moi — 14 février 2026 à 18h06,Saint-Esprit réponds-moi — Psaume 23,Psaume 23,élevée,True,Texte lisible sur la miniature (OCR); vidéo à écouter pour confirmer,"extrait OCR: ""psaume 23""",2026-02-14T17:06:36.000Z,https://www.tiktok.com/@pamela.dali7/video/7606768458973383958,no_transcript,OCR (couverture),True
cmtwva2xa008zil04ltg0b6g7,Saint-Esprit réponds-moi — 13 février 2026 à 05h32,Saint-Esprit réponds-moi — Sujet à confirmer (13/02/2026 05:32),sous-titres absents,faible,True,Aucun sous-titre ni texte de miniature exploitable; sujet à confirmer,Aucune transcription exploitable; validation manuelle requise.,2026-02-13T04:32:27.000Z,https://www.tiktok.com/@pamela.dali7/video/7606203029871774998,no_transcript,,False
cmtwva3kd0093il04q9hlm7od,Saint-Esprit réponds-moi — 11 février 2026 à 12h23,"Saint-Esprit réponds-moi — Briser les liens de familles (extrait live, partie 1/2)",Briser les liens familiaux (extrait live),élevée,True,Texte lisible sur la miniature (OCR); vidéo à écouter pour confirmer,BRISE LES LIENS; voici comment briser les liens de familles; EXTRAIT DU LIVE; PARTIE 1/2,2026-02-11T11:23:59.000Z,https://www.tiktok.com/@pamela.dali7/video/7605566913938214166,no_transcript,OCR (couverture),True
cmtwva3vz0095il04sh16013d,Saint-Esprit réponds-moi — 11 février 2026 à 11h57,Saint-Esprit réponds-moi — Prière pour ceux qui envisagent le suicide et l'espérance,"Détresse, pensée suicidaire et prière de délivrance",élevée,False,Sous-titres TikTok (transcription automatique),Y a quelqu'un qui lutte avec un esprit de suicide,2026-02-11T10:57:28.000Z,https://www.tiktok.com/@pamela.dali7/video/7605560078833372438,ok,fra-FR,False
cmtwva4770097il046323vls9,Saint-Esprit réponds-moi — 10 février 2026 à 23h10,Saint-Esprit réponds-moi — Dali KONGO : très bientôt,Annonce / Dali KONGO (très bientôt),moyenne,True,Texte lisible sur la miniature (OCR); vidéo à écouter pour confirmer,Dali KONGO; tres bientots,2026-02-10T22:10:49.000Z,https://www.tiktok.com/@pamela.dali7/video/7605362513303162134,no_transcript,OCR (couverture),True
cmtwva4iu0099il04vhhvo7b3,Saint-Esprit réponds-moi — 10 février 2026 à 01h45,"Saint-Esprit réponds-moi — Reprendre la musique: adoration, consécration et composition","Reprise musicale, adoration et consécration de l'adorateur",élevée,False,Sous-titres TikTok (transcription automatique),J'ai décidé de reprendre la musique,2026-02-10T00:45:53.000Z,https://www.tiktok.com/@pamela.dali7/video/7605031389917941014,ok,fra-FR,False
cmtwva4uk009bil04n85detw0,Saint-Esprit réponds-moi — 9 février 2026 à 02h58,Saint-Esprit réponds-moi — Prière pour la libération des personnes enchaînées à la drogue,Libération de la drogue par la prière,élevée,False,Sous-titres TikTok (transcription automatique),Y a des gens enchaînés par la drogue,2026-02-09T01:58:44.000Z,https://www.tiktok.com/@pamela.dali7/video/7604679077957471510,ok,fra-FR,False
cmtwva55y009dil045br1ieo3,Saint-Esprit réponds-moi — 8 février 2026 à 17h52,Saint-Esprit réponds-moi — Nourrir le Père par l'adoration et une chanson,Adoration et chanson composée,élevée,False,Sous-titres TikTok (transcription automatique),«L'Éternel se nourrit de notre adoration» et «je vais chanter 1 chanson»,2026-02-08T16:52:37.000Z,https://www.tiktok.com/@pamela.dali7/video/7604538345628159254,ok,fra-FR,False
cmtwva5hu009fil047sm10z6h,Saint-Esprit réponds-moi — 7 février 2026 à 23h21,Saint-Esprit réponds-moi — Sujet à confirmer — 07/02/2026 23:21,Sujet à confirmer,faible,True,Texte lisible sur la miniature (OCR); vidéo à écouter pour confirmer,afrika alkebula; Pam Dali; musi (texte bruité),2026-02-07T22:21:22.000Z,https://www.tiktok.com/@pamela.dali7/video/7604251979853876502,no_transcript,OCR (couverture),True
cmtwva65n009jil04hzziocr2,Saint-Esprit réponds-moi — 28 janvier 2026 à 03h11,Saint-Esprit réponds-moi — Ne pas abandonner les rêves que Dieu donne,Persévérance dans les rêves donnés par Dieu,élevée,False,Sous-titres TikTok (transcription automatique),"«n'abandonne pas tes rêves» et «sois connecté, crois, persévère»",2026-01-28T02:11:33.000Z,https://www.tiktok.com/@pamela.dali7/video/7600229360402025750,ok,fra-FR,False
cmtwva6hh009lil04a5ov0k3g,Saint-Esprit réponds-moi — 27 janvier 2026 à 04h08,Saint-Esprit réponds-moi — Lire ses souhaits à haute voix et croire,Déclaration des souhaits et recherche de la connaissance,élevée,False,Sous-titres TikTok (transcription automatique),«Vous allez prendre les feuilles de souhait... commence à prononcer»,2026-01-27T03:08:25.000Z,https://www.tiktok.com/@pamela.dali7/video/7599872926887791894,ok,fra-FR,False
cmtwva6t2009nil04j8qrxl09,Saint-Esprit réponds-moi — 26 janvier 2026 à 15h52,Saint-Esprit réponds-moi — Foi et connaissance pour discerner et recevoir,"Foi, connaissance et discernement spirituel",élevée,False,Sous-titres TikTok (transcription automatique),«ce qui apporte la foi... c'est la connaissance»,2026-01-26T14:52:04.000Z,https://www.tiktok.com/@pamela.dali7/video/7599683172661497110,ok,fra-FR,False
cmtwva74o009pil0462rhhvpl,Saint-Esprit réponds-moi — 25 janvier 2026 à 23h40,"Saint-Esprit réponds-moi — Délivrance des maladies, pornographie et maraboutage",Délivrance des maladies et de la pornographie,élevée,False,Sous-titres TikTok (transcription automatique),"Tout diabète disparaît des corps, au nom de Jésus-Christ",2026-01-25T22:40:34.000Z,https://www.tiktok.com/@pamela.dali7/video/7599432819294637334,ok,fra-FR,False
cmtwva7gi009ril041pwda3m8,Saint-Esprit réponds-moi — 23 janvier 2026 à 15h17,Saint-Esprit réponds-moi — Écoutez jusqu'à la fin,Appel à écouter jusqu'à la fin,élevée,True,Texte lisible sur la miniature (OCR); vidéo à écouter pour confirmer,écoutez jusqu'a la fin; ika alkebulan (mot partiellement lisible),2026-01-23T14:17:27.000Z,https://www.tiktok.com/@pamela.dali7/video/7598560996294216982,no_transcript,OCR (couverture),True
cmtwva7rw009til04txedxt3e,Saint-Esprit réponds-moi — 22 janvier 2026 à 18h49,Saint-Esprit réponds-moi — Appel à prière et lecture des feuilles de souhaits,Annonce de prière et préparation des feuilles de souhaits,élevée,False,Sous-titres TikTok (transcription automatique),on va commencer à prier dans le live sur YouTube,2026-01-22T17:49:00.000Z,https://www.tiktok.com/@pamela.dali7/video/7598244425122303254,ok,fra-FR,False
cmtwva83m009vil04exdps192,Saint-Esprit réponds-moi — 20 janvier 2026 à 02h04,Saint-Esprit réponds-moi — Écoutez ce chant les yeux fermés,Chant — écoute yeux fermés,moyenne,True,Texte lisible sur la miniature (OCR); vidéo à écouter pour confirmer,écoutte ce chant; les yeux femnés (fermé); Pam Dall (mots visibles),2026-01-20T01:04:43.000Z,https://www.tiktok.com/@pamela.dali7/video/7597243455500438787,no_transcript,OCR (couverture),True
cmu0bklmx000jl6046ty3xfii,Saint-Esprit réponds-moi — 18 janvier 2026 à 21h46,Saint-Esprit réponds-moi — Travailler et entreprendre en servant Dieu,Encouragement à l'entrepreneuriat chrétien,élevée,False,Sous-titres TikTok (transcription automatique),Je vous encourage à entreprendre,2026-01-18T20:46:16.000Z,https://www.tiktok.com/@pamela.dali7/video/7596805768121240854,ok,fra-FR,False
cmtwva8qt009zil04lxdcjpkv,Saint-Esprit réponds-moi — 15 janvier 2026 à 01h57,Saint-Esprit réponds-moi — Appel à dominer en servant et décharger les frères,"Appel au service, domination spirituelle et intercession",élevée,False,Sous-titres TikTok (transcription automatique),je décharge ceux qui ont des fados,2026-01-15T00:57:57.000Z,https://www.tiktok.com/@pamela.dali7/video/7595386282738552086,ok,fra-FR,False
cmtwva92j00a1il04ws1wti7r,Saint-Esprit réponds-moi — 15 janvier 2026 à 01h18,Saint-Esprit réponds-moi — L'année 2026 : prenons notre vie chrétienne au sérieux (extrait),Avertissement pour 2026 / vie chrétienne (extrait live),élevée,True,Texte lisible sur la miniature (OCR); vidéo à écouter pour confirmer,LANNE 2026 EST UNE ANNE(E) A PRENDRE AU SERIEUX; NE JOUONS PAS AVEC NOTRE VIE CHRETIENNE; EXTRAIT DU LIVE SUR YOUTUBE,2026-01-15T00:18:46.000Z,https://www.tiktok.com/@pamela.dali7/video/7595376189418573078,no_transcript,OCR (couverture),True
cmtwva9e500a3il04ora3fx7h,Saint-Esprit réponds-moi — 15 janvier 2026 à 00h16,Saint-Esprit réponds-moi — Demande pardon et implore la grâce du Père,appel à la repentance et demande de capacité/grâce,élevée,False,Sous-titres TikTok (transcription automatique),tu vas demander pardon au père,2026-01-14T23:16:52.000Z,https://www.tiktok.com/@pamela.dali7/video/7595360237041863958,ok,fra-FR,False
cmtwva9q000a5il04oj5vw1qj,Saint-Esprit réponds-moi — 14 janvier 2026 à 21h54,Saint-Esprit réponds-moi — Appel à la repentance contre l'envoûtement amoureux,condamnation des pratiques d'envoûtement et appel à se repentir,élevée,False,Sous-titres TikTok (transcription automatique),"Si tu as envoûté un homme, répentez-vous",2026-01-14T20:54:15.000Z,https://www.tiktok.com/@pamela.dali7/video/7595323483551239446,ok,fra-FR,False
cmtwvaa4100a7il04lfsbcr85,Saint-Esprit réponds-moi — 13 janvier 2026 à 19h32,Saint-Esprit réponds-moi — Appel à servir et donner du repos aux frères,appel au service chrétien et à la démonstration de la parole,élevée,False,Sous-titres TikTok (transcription automatique),c'est l'étape où je dois servir mes frères,2026-01-13T18:32:28.000Z,https://www.tiktok.com/@pamela.dali7/video/7594915860284837142,ok,fra-FR,False
cmtwvaag400a9il04kds7bm0l,Saint-Esprit réponds-moi — 10 janvier 2026 à 16h02,Saint-Esprit réponds-moi — Sujet à confirmer (10/01/2026 16:02),sous-titres absents,faible,True,Aucun sous-titre ni texte de miniature exploitable; sujet à confirmer,Aucune transcription exploitable; validation manuelle requise.,2026-01-10T15:02:09.000Z,https://www.tiktok.com/@pamela.dali7/video/7593748408549215510,no_transcript,,False
cmtwvab3c00adil04ga2spcez,Saint-Esprit réponds-moi — 7 janvier 2026 à 22h08,Saint-Esprit réponds-moi — La bague n'est pas obligatoire dans le mariage chrétien,examen biblique de la portée de l'alliance et de la bague,élevée,False,Sous-titres TikTok (transcription automatique),la bague au doigt dans le mariage n'est pas biblique,2026-01-07T21:08:31.000Z,https://www.tiktok.com/@pamela.dali7/video/7592729563675905302,ok,fra-FR,False
cmtwvabfc00afil04kdxoddkx,Saint-Esprit réponds-moi — 2 janvier 2026 à 18h06,Saint-Esprit réponds-moi — Pourquoi Dieu a choisi Léa plutôt que Rachel,"Jacob, Rachel et Léa — polygamie et plan de Dieu",élevée,False,Sous-titres TikTok (transcription automatique),"Jacob aimait Rachel, mais le plan du père, c'était Léa.",2026-01-02T17:06:47.000Z,https://www.tiktok.com/@pamela.dali7/video/7590811844122594582,ok,fra-FR,False
cmtwvabqo00ahil049xs6g3vb,Saint-Esprit réponds-moi — 2 janvier 2026 à 18h05,Saint-Esprit réponds-moi — Origine biblique de la polygamie (Sarah et Agar),"Origine de la polygamie dans l'histoire d'Abraham, Sarah et Agar",élevée,False,Sous-titres TikTok (transcription automatique),Saraïs... elle avait 1 servante égyptienne nommée agar.,2026-01-02T17:05:05.000Z,https://www.tiktok.com/@pamela.dali7/video/7590811406233046294,ok,fra-FR,False
cmtwvac2g00ajil041i1xuyeu,Saint-Esprit réponds-moi — 2 janvier 2026 à 18h03,Saint-Esprit réponds-moi — Polygamie : racines spirituelles et origine biblique,Racines spirituelles et bibliques de la polygamie; création et péché,élevée,False,Sous-titres TikTok (transcription automatique),Qui a emmené la polygamie ? D'où est-ce qu'est sortie la polygamie ?,2026-01-02T17:03:45.000Z,https://www.tiktok.com/@pamela.dali7/video/7590811063776546070,ok,fra-FR,False
cmtwvacpc00anil04q6sdahba,Saint-Esprit réponds-moi — 1 janvier 2026 à 19h37,Saint-Esprit réponds-moi — Décoration : paniers en raphia et abat-jour naturels,Décoration artisanale — paniers en raphia et abat-jour,élevée,False,Sous-titres TikTok (transcription automatique),1 panier en rafia,2026-01-01T18:37:13.000Z,https://www.tiktok.com/@pamela.dali7/video/7590464063935614230,ok,fra-FR,False
cmtwvae1x00avil0475z1ie9e,Saint-Esprit réponds-moi — 26 décembre 2025 à 04h44,Saint-Esprit réponds-moi — La vraie nature du ministère prophétique,ministère prophétique et réveil,élevée,False,Sous-titres TikTok (transcription automatique),Le prophète voit dans le futur et le passé,2025-12-26T03:44:25.000Z,https://www.tiktok.com/@pamela.dali7/video/7588007478328118531,ok,fra-FR,False
cmtwvaedj00axil04a32dz9xl,Saint-Esprit réponds-moi — 26 décembre 2025 à 04h40,Saint-Esprit réponds-moi — Dangers spirituels liés aux films,films et influences démoniaques,élevée,False,Sous-titres TikTok (transcription automatique),"Dans le lieu de tourment, ils existent réellement",2025-12-26T03:40:06.000Z,https://www.tiktok.com/@pamela.dali7/video/7588006366380313878,ok,fra-FR,False
cmtwvaeot00azil04pv8istou,Saint-Esprit réponds-moi — 26 décembre 2025 à 04h38,"Saint-Esprit réponds-moi — Films, pornographie et portes spirituelles ouvertes","pornographie, films et délivrance",élevée,False,Sous-titres TikTok (transcription automatique),Ces esprits-là sont dans votre maison pendant 7 jours,2025-12-26T03:38:18.000Z,https://www.tiktok.com/@pamela.dali7/video/7588005903207550230,ok,fra-FR,False
cmtwvaf0300b1il043qjchm55,Saint-Esprit réponds-moi — 26 décembre 2025 à 04h35,Saint-Esprit réponds-moi — Appel à la nouvelle vague d'ouvriers pour Jésus,appel à l'engagement et à la moisson,élevée,False,Sous-titres TikTok (transcription automatique),"La moisson est grande, il a besoin de beaucoup d'ouvriers",2025-12-26T03:35:32.000Z,https://www.tiktok.com/@pamela.dali7/video/7588005192184974614,ok,fra-FR,False
cmtwvafbn00b3il04gpdfwlvd,Saint-Esprit réponds-moi — 26 décembre 2025 à 04h32,Saint-Esprit réponds-moi — Laissez la 4e vague d'ouvriers faire l'œuvre,Appel à laisser émerger la 4e vague d'ouvriers et serviteurs,élevée,False,Sous-titres TikTok (transcription automatique),Laissez la 4e vague faire leur travail,2025-12-26T03:32:14.000Z,https://www.tiktok.com/@pamela.dali7/video/7588004338396728578,ok,fra-FR,False
cmtwvafn600b5il04fpeecdyt,Saint-Esprit réponds-moi — 26 décembre 2025 à 04h28,Saint-Esprit réponds-moi — Méfiance face aux mèches liées à l'envoûtement,Témoignage sur l'influence spirituelle des mèches et séduction,élevée,False,Sous-titres TikTok (transcription automatique),les esprits qui sont sur les mèches,2025-12-26T03:28:40.000Z,https://www.tiktok.com/@pamela.dali7/video/7588003422767533334,ok,fra-FR,False
cmtwvafyq00b7il04vhveuo61,Saint-Esprit réponds-moi — 26 décembre 2025 à 04h27,Saint-Esprit réponds-moi — Nouvelle saison et appel urgent à la repentance,Annonce d'une nouvelle saison spirituelle et appel au repentir,élevée,False,Sous-titres TikTok (transcription automatique),Nous sommes rentrés dans 1 nouvelle saison,2025-12-26T03:27:53.000Z,https://www.tiktok.com/@pamela.dali7/video/7588003219775704342,ok,fra-FR,False
cmtwvaglb00bbil0400jbpxkn,Saint-Esprit réponds-moi — 16 décembre 2025 à 15h22,Saint-Esprit réponds-moi — Alerte aux arnaques utilisant mon nom,Mise en garde contre l'usurpation d'identité et les escroqueries,élevée,False,Sous-titres TikTok (transcription automatique),personnes qui utilisent mon nom pour se faire de l'argent,2025-12-16T14:22:25.000Z,https://www.tiktok.com/@pamela.dali7/video/7584461040436432150,ok,fra-FR,False
cmtwvahjg00bhil04cyrnn10n,Saint-Esprit réponds-moi — 12 décembre 2025 à 16h02,Saint-Esprit réponds-moi — Sujet à confirmer — 12/12/2025 16:02,Sujet à confirmer,faible,True,Texte lisible sur la miniature (OCR); vidéo à écouter pour confirmer,—_— 4) P f NAS \~ oP,2025-12-12T15:02:45.000Z,https://www.tiktok.com/@pamela.dali7/video/7582987093643922711,no_transcript,OCR (couverture),True
cmtwvai7000blil04syo8jk04,Saint-Esprit réponds-moi — 9 décembre 2025 à 04h22,Saint-Esprit réponds-moi — Préparer la nouvelle année: action prophétique et prières,"Action prophétique pour préparer la nouvelle année (écrire, lire, brûler)",élevée,False,Sous-titres TikTok (transcription automatique),Écris tous tes souhaits et lis-les à haute voix,2025-12-09T03:22:25.000Z,https://www.tiktok.com/@pamela.dali7/video/7581693360054783235,ok,fra-FR,False
cmtwvajhc00bril040h67qk88,Saint-Esprit réponds-moi — 3 décembre 2025 à 18h40,Saint-Esprit réponds-moi — Résister aux séductions: garder la maîtrise spirituelle,"Avertissement contre la séduction (prospérité, gloire) et appel à la maîtrise",élevée,False,Sous-titres TikTok (transcription automatique),Ne vends pas ton âme à Satan,2025-12-03T17:40:23.000Z,https://www.tiktok.com/@pamela.dali7/video/7579687947767647510,ok,fra-FR,False
cmtwvajsw00btil04jb0llu5b,Saint-Esprit réponds-moi — 3 décembre 2025 à 18h39,Saint-Esprit réponds-moi — Rejeter la gloire du monde et la prospérité,Refus des tentations de la prospérité et appel au royaume des cieux,élevée,False,Sous-titres TikTok (transcription automatique),Le diable montra tous les royaumes du monde,2025-12-03T17:39:10.000Z,https://www.tiktok.com/@pamela.dali7/video/7579687635782814998,ok,fra-FR,False
cmtwvak5400bvil04336krz4l,Saint-Esprit réponds-moi — 3 décembre 2025 à 18h23,Saint-Esprit réponds-moi — Maîtrise spirituelle et discipline des ministères,Importance de la maîtrise des dons et du comportement des ministres,élevée,False,Sous-titres TikTok (transcription automatique),Aucune maîtrise des dons spirituels,2025-12-03T17:23:01.000Z,https://www.tiktok.com/@pamela.dali7/video/7579683474064379158,ok,fra-FR,False
cmtwvakgj00bxil04rm8x9dxz,Saint-Esprit réponds-moi — 3 décembre 2025 à 18h21,"Saint-Esprit réponds-moi — Bases de l'appel : baptême, tentation et obéissance","appel, baptême et tentation",élevée,False,Sous-titres TikTok (transcription automatique),«la base d'un appelé» et tentation au désert,2025-12-03T17:21:46.000Z,https://www.tiktok.com/@pamela.dali7/video/7579683150050184470,ok,fra-FR,False
cmtwvalfq00c3il04lohp86vl,Saint-Esprit réponds-moi — 25 novembre 2025 à 21h01,"Saint-Esprit réponds-moi — Quand Dieu t'a choisi : l'amour, pas le matériel",élection divine et priorité de l'amour,élevée,False,Sous-titres TikTok (transcription automatique),"«Quand Dieu t'a, il n'a plus rien à te prouver»",2025-11-25T20:01:05.000Z,https://www.tiktok.com/@pamela.dali7/video/7576755526017617154,ok,fra-FR,False
cmtwvalri00c5il04ktjywxrd,Saint-Esprit réponds-moi — 25 novembre 2025 à 17h56,"Saint-Esprit réponds-moi — Épreuves, obéissance et foi dans l'épreuve","témoignage d'épreuves, obéissance et foi",élevée,False,Sous-titres TikTok (transcription automatique),'j'ai décidé de rester' ; obéissance et 'foi ferme assurance',2025-11-25T16:56:47.000Z,https://www.tiktok.com/@pamela.dali7/video/7576708029744237846,ok,fra-FR,False
cmtwvam2v00c7il04c9p7lr9u,Saint-Esprit réponds-moi — 25 novembre 2025 à 00h44,Saint-Esprit réponds-moi — Pourquoi Dieu ne répond pas et comment s'aligner,"silence divin, péché et alignement spirituel",élevée,False,Sous-titres TikTok (transcription automatique),«vos péchés font que je n'arrive pas à vous entendre»,2025-11-24T23:44:30.000Z,https://www.tiktok.com/@pamela.dali7/video/7576442011545292054,ok,fra-FR,False
cmtwvamed00c9il04sj0rjqt5,Saint-Esprit réponds-moi — 24 novembre 2025 à 00h39,Saint-Esprit réponds-moi — Parler à Dieu naturellement et vivre en prière,Parler à Dieu naturellement,élevée,False,Sous-titres TikTok (transcription automatique),Parlez-lui de façon naturelle,2025-11-23T23:39:19.000Z,https://www.tiktok.com/@pamela.dali7/video/7576069591894347030,ok,fra-FR,False
cmtwvamq500cbil043ixcqvd0,Saint-Esprit réponds-moi — 23 novembre 2025 à 13h41,Saint-Esprit réponds-moi — Adoration : prends ta gloire et sois élevé,Adoration et invitation au Saint-Esprit,élevée,False,Sous-titres TikTok (transcription automatique),"Prends ta gloire, prends ta gloire, Seigneur",2025-11-23T12:41:02.000Z,https://www.tiktok.com/@pamela.dali7/video/7575899953546005782,ok,fra-FR,False
cmtwvand100cfil04cidklj9t,Saint-Esprit réponds-moi — 18 novembre 2025 à 01h54 · n°2,Saint-Esprit réponds-moi — Pardonner après blessures familiales et avancer,Pardon après blessures familiales,élevée,False,Sous-titres TikTok (transcription automatique),Pardonne à celui qui t'a offensé,2025-11-18T00:54:59.000Z,https://www.tiktok.com/@pamela.dali7/video/7573862578481401111,ok,fra-FR,False
cmtwvanol00chil04bkagwfqb,Saint-Esprit réponds-moi — 18 novembre 2025 à 01h54 · n°1,"Saint-Esprit réponds-moi — Humilité, repentance et recherche de la face de Dieu",Humilité et repentance,élevée,False,Sous-titres TikTok (transcription automatique),"S'humilie, prie et cherche ma face",2025-11-18T00:54:23.000Z,https://www.tiktok.com/@pamela.dali7/video/7573862424604871958,ok,fra-FR,False
cmtwvao0b00cjil04n2v96tlp,Saint-Esprit réponds-moi — 18 novembre 2025 à 01h52,Saint-Esprit réponds-moi — Détourne-toi de tes mauvaises voies pour être exaucé,Repentance : se détourner des mauvaises voix,élevée,False,Sous-titres TikTok (transcription automatique),se détourne de ses mauvaises voix,2025-11-18T00:52:13.000Z,https://www.tiktok.com/@pamela.dali7/video/7573861868381555990,ok,fra-FR,False
cmtwvaoc600clil04if7nyunh,Saint-Esprit réponds-moi — 18 novembre 2025 à 01h47,Saint-Esprit réponds-moi — Humilité et chercher la face de Dieu pour se repentir,"Humilité, prière et recherche de la face de Dieu",élevée,False,Sous-titres TikTok (transcription automatique),"s'humilie, prie et cherche ma face",2025-11-18T00:47:16.000Z,https://www.tiktok.com/@pamela.dali7/video/7573860591438269718,ok,fra-FR,False
cmtwvaonr00cnil045x9g9yn6,Saint-Esprit réponds-moi — 18 novembre 2025 à 01h46,Saint-Esprit réponds-moi — Comment vraiment se repentir selon la Bible,Explication biblique des étapes de la repentance,élevée,False,Sous-titres TikTok (transcription automatique),La question est : comment se repentir ?,2025-11-18T00:46:09.000Z,https://www.tiktok.com/@pamela.dali7/video/7573860302572293398,ok,fra-FR,False
cmtwvaoz600cpil04wnzra4ey,Saint-Esprit réponds-moi — 10 novembre 2025 à 23h32,Saint-Esprit réponds-moi — Connaître ton appel et ta tenue spirituelle,"Identité spirituelle, dons et vocation personnelle",élevée,False,Sous-titres TikTok (transcription automatique),Le vêtement de Africa n'est pas le vêtement d'une autre sœur,2025-11-10T22:32:03.000Z,https://www.tiktok.com/@pamela.dali7/video/7571228151947201814,ok,fra-FR,False
cmtwvapae00cril04tbqd8uyc,Saint-Esprit réponds-moi — 10 novembre 2025 à 23h13,Saint-Esprit réponds-moi — Tenues spirituelles pour chaque mission sur terre,"Vêtements spirituels, onction et mission terrestre",élevée,False,Sous-titres TikTok (transcription automatique),vision d'esprits confectionnant des vêtements pour les élus,2025-11-10T22:13:14.000Z,https://www.tiktok.com/@pamela.dali7/video/7571223301368941846,ok,fra-FR,False
cmtwvaplq00ctil04v9g5fdku,Saint-Esprit réponds-moi — 9 novembre 2025 à 22h16,Saint-Esprit réponds-moi — Appel à une repentance sincère et vraie,Repentance authentique et intercession pour délivrance,élevée,False,Sous-titres TikTok (transcription automatique),"repentance insincère « ne monte pas », n'atteint pas Dieu",2025-11-09T21:16:05.000Z,https://www.tiktok.com/@pamela.dali7/video/7570837489582132502,ok,fra-FR,False
cmtwvapyo00cvil043ff6blju,Saint-Esprit réponds-moi — 9 novembre 2025 à 22h07,Saint-Esprit réponds-moi — Leçon d'humilité à apprendre des voisins,Humilité chrétienne inspirée par l'exemple musulman,élevée,False,Sous-titres TikTok (transcription automatique),observation des mosquées: ils s'assoient sur la natte,2025-11-09T21:07:39.000Z,https://www.tiktok.com/@pamela.dali7/video/7570835315582094614,ok,fra-FR,False
cmtwvaqbj00cxil045je2o2va,Saint-Esprit réponds-moi — 8 novembre 2025 à 18h28,Saint-Esprit réponds-moi — Mandat pour l'Afrique et priorité à Dieu,Mandat missionnaire pour l'Afrique et appel à la sagesse,élevée,False,Sous-titres TikTok (transcription automatique),m'a mandaté pour que l'Afrique soit gagnée à l'Éternel,2025-11-08T17:28:37.000Z,https://www.tiktok.com/@pamela.dali7/video/7570407784865434902,ok,fra-FR,False
cmtwvaqyd00d1il04m6opbg6h,Saint-Esprit réponds-moi — 4 novembre 2025 à 11h14,Saint-Esprit réponds-moi — Garder la foi quand Dieu ne répond pas,persévérance dans la foi malgré déceptions,élevée,False,Sous-titres TikTok (transcription automatique),« c'est pas parce que Jésus n'a pas exaucé mes souhaits »,2025-11-04T10:14:45.000Z,https://www.tiktok.com/@pamela.dali7/video/7568811640225860886,ok,fra-FR,False
cmtwvar9r00d3il04s89vfl62,Saint-Esprit réponds-moi — 3 novembre 2025 à 00h06,"Saint-Esprit réponds-moi — La vérité, clef de l'intimité chrétienne",vérité et intimité spirituelle pour le salut,élevée,False,Sous-titres TikTok (transcription automatique),"« Je suis le chemin, la vérité et la vie »",2025-11-02T23:06:35.000Z,https://www.tiktok.com/@pamela.dali7/video/7568268369179446530,ok,fra-FR,False
cmtwvarkw00d5il044jbe0lsl,Saint-Esprit réponds-moi — 2 novembre 2025 à 11h59,Saint-Esprit réponds-moi — Photo de profil Afrikan Pam,Photo de profil; Afrikan Pam,moyenne,True,Texte lisible sur la miniature (OCR); vidéo à écouter pour confirmer,"Pnoto de protil (Photo de profil), AK RIKANPAM",2025-11-02T10:59:08.000Z,https://www.tiktok.com/@pamela.dali7/photo/7568080905726676246,no_item,OCR (couverture),True
cmtwvarwa00d7il04yqi0emir,Saint-Esprit réponds-moi — 31 octobre 2025 à 19h10,Saint-Esprit réponds-moi — Sujet à confirmer — 31/10/2025 19:10,Sujet à confirmer,faible,True,Texte lisible sur la miniature (OCR); vidéo à écouter pour confirmer,\ 9 Aa.,2025-10-31T18:10:30.000Z,https://www.tiktok.com/@pamela.dali7/video/7567449895804669206,no_transcript,OCR (couverture),True
cmtwvasiz00dbil04e0huzo07,Saint-Esprit réponds-moi — 23 octobre 2025 à 03h01,"Saint-Esprit réponds-moi — Côte d'Ivoire, redédie-toi : de République à royaume",appel national à la consécration et vocation de la nation,élevée,False,Sous-titres TikTok (transcription automatique),« la Côte d'Ivoire passe de République à 1 royaume »,2025-10-23T02:01:26.000Z,https://www.tiktok.com/@pamela.dali7/video/7564231489399868694,ok,fra-FR,False
cmtwvasuh00ddil046m7wbfe8,Saint-Esprit réponds-moi — 19 octobre 2025 à 23h25,Saint-Esprit réponds-moi — Afrika Pam Dali Music,Afrika Pam Dali Music,moyenne,True,Texte lisible sur la miniature (OCR); vidéo à écouter pour confirmer,AFRIKA PAM DALI MUSIC,2025-10-19T22:25:48.000Z,https://www.tiktok.com/@pamela.dali7/video/7563062666147728662,no_transcript,OCR (couverture),True
cmtwvatnm00dhil04b4gzcqms,Saint-Esprit réponds-moi — 18 octobre 2025 à 18h42,Saint-Esprit réponds-moi — Le hasard n'existe pas : chaque rencontre compte,providence : sens et fruit des rencontres spirituelles,élevée,False,Sous-titres TikTok (transcription automatique),« le hasard n'existe pas. Toutes les rencontres que tu auras »,2025-10-18T17:42:03.000Z,https://www.tiktok.com/@pamela.dali7/video/7562618457569774870,ok,fra-FR,False
cmtwvatzg00djil043snekoak,Saint-Esprit réponds-moi — 18 octobre 2025 à 18h29,Saint-Esprit réponds-moi — Repentir quotidien et se plonger dans le sang,repentir et purification par le sang de Jésus,élevée,False,Sous-titres TikTok (transcription automatique),Je plonge mes habits dans ton sang,2025-10-18T17:29:09.000Z,https://www.tiktok.com/@pamela.dali7/video/7562615135328554262,ok,fra-FR,False
cmtwvaum700dnil04e75zz8ks,Saint-Esprit réponds-moi — 17 octobre 2025 à 03h14,Saint-Esprit réponds-moi — L'appel de Dieu est personnel,comment reconnaître son appel divin,élevée,False,Sous-titres TikTok (transcription automatique),L'appel de Dieu est personnel,2025-10-17T02:14:06.000Z,https://www.tiktok.com/@pamela.dali7/video/7562008243027856662,ok,fra-FR,False
cmtwvauxj00dpil042xmki8ww,Saint-Esprit réponds-moi — 28 septembre 2025 à 11h18,Saint-Esprit réponds-moi — Manteau royal et mentalité : change ta pensée,mentalité chrétienne et identité royale,élevée,False,Sous-titres TikTok (transcription automatique),tu ne peux pas porter un manteau royal avec mentalité d'esclave,2025-09-28T10:18:17.000Z,https://www.tiktok.com/@pamela.dali7/video/7555082396257750294,ok,fra-FR,False
cmtwvava100dril040ogqc8mb,Saint-Esprit réponds-moi — 28 septembre 2025 à 04h22,Saint-Esprit réponds-moi — Quitter le confort et évangéliser sur le terrain,appel à l'action évangélique et sortir de sa zone de confort,élevée,False,Sous-titres TikTok (transcription automatique),Les enfants de l'Éternel sont dehors,2025-09-28T03:22:48.000Z,https://www.tiktok.com/@pamela.dali7/video/7554975330360986902,ok,fra-FR,False
cmtwvavl900dtil04spcjqhd2,Saint-Esprit réponds-moi — 28 septembre 2025 à 04h17,Saint-Esprit réponds-moi — Reprendre les exploits : marcher sur l'eau et le feu,manifestations et miracles,élevée,False,Sous-titres TikTok (transcription automatique),Qui a fait descendre le feu du ciel ?,2025-09-28T03:17:22.000Z,https://www.tiktok.com/@pamela.dali7/video/7554973926967758102,ok,fra-FR,False
cmtwvavwx00dvil040e5p4w4g,Saint-Esprit réponds-moi — 28 septembre 2025 à 04h14,Saint-Esprit réponds-moi — Sujet à confirmer (28/09/2025 04:14),publication TikTok inaccessible,faible,True,Aucun sous-titre ni texte de miniature exploitable; sujet à confirmer,Aucune transcription exploitable; validation manuelle requise.,2025-09-28T03:14:30.000Z,https://www.tiktok.com/@pamela.dali7/video/7554973188166336862,no_item,,False
cmtwvaw8w00dxil04nwp4vn85,Saint-Esprit réponds-moi — 28 septembre 2025 à 03h14,Saint-Esprit réponds-moi — Le sceau de vérité sur le front des serviteurs,vision du sceau et séparation des vrais,élevée,False,Sous-titres TikTok (transcription automatique),le seau sur le front était écrit vérité,2025-09-28T02:14:44.000Z,https://www.tiktok.com/@pamela.dali7/video/7554957788586200342,ok,fra-FR,False
cmtwvawkn00dzil04hj6t4jf6,Saint-Esprit réponds-moi — 28 septembre 2025 à 02h57,Saint-Esprit réponds-moi — Revenir à Dieu : repentir plutôt que confort,appel au repentir et priorités spirituelles,élevée,False,Sous-titres TikTok (transcription automatique),tu vas demander pardon à Dieu,2025-09-28T01:57:03.000Z,https://www.tiktok.com/@pamela.dali7/video/7554953229780503830,ok,fra-FR,False
cmtwvawwg00e1il04zeug9uxu,Saint-Esprit réponds-moi — 26 septembre 2025 à 01h26,Saint-Esprit réponds-moi — Révélation des fils : l'esprit prend le dessus,"révélation, transformation spirituelle et manifestation",élevée,False,Sous-titres TikTok (transcription automatique),l'esprit prend le dessus sur la chair,2025-09-26T00:26:03.000Z,https://www.tiktok.com/@pamela.dali7/video/7554187611154222358,ok,fra-FR,False
cmtwvax7y00e3il04e1egmek0,Saint-Esprit réponds-moi — 26 septembre 2025 à 01h13,Saint-Esprit réponds-moi — Reconnaître et agir selon le timing que Dieu donne,Discernement des temps spirituels et obéissance prophétique,élevée,False,Sous-titres TikTok (transcription automatique),"« la pile commence à se décharger », « compte à rebours »",2025-09-26T00:13:03.000Z,https://www.tiktok.com/@pamela.dali7/video/7554184259276164374,ok,fra-FR,False
cmtwvaxjj00e5il04tmkonb80,Saint-Esprit réponds-moi — 26 septembre 2025 à 00h11,Saint-Esprit réponds-moi — Plaire à Dieu avant de chercher Sa révélation,Priorité à l'agréabilité envers Dieu plutôt que recherches matérielles,élevée,False,Sous-titres TikTok (transcription automatique),"« Cherche à être agréable à Dieu, ça suffit »",2025-09-25T23:11:13.000Z,https://www.tiktok.com/@pamela.dali7/video/7554168325002005762,ok,fra-FR,False
cmtwvaxuo00e7il04wxxf1c44,Saint-Esprit réponds-moi — 25 septembre 2025 à 23h21,Saint-Esprit réponds-moi — Attendre la révélation selon la maturité spirituelle,"Préparation, maturité et saison où Dieu se révèle",élevée,False,Sous-titres TikTok (transcription automatique),« Le Seigneur sait quand on est prêt »,2025-09-25T22:21:29.000Z,https://www.tiktok.com/@pamela.dali7/video/7554155509335608598,ok,fra-FR,False
cmtwvay6900e9il043ypj0q3w,Saint-Esprit réponds-moi — 25 septembre 2025 à 22h53,"Saint-Esprit réponds-moi — Soutiens ma foi, rends‑moi capable de Te plaire",Prière pour le soutien de la foi et désir de plaire à Dieu,élevée,False,Sous-titres TikTok (transcription automatique),"« Seigneur, soutiens ma foi »",2025-09-25T21:53:38.000Z,https://www.tiktok.com/@pamela.dali7/video/7554148333120474390,ok,fra-FR,False
cmtwvaz4j00efil04yx6k27t4,#tiktoklive #livehighlights — 15 septembre 2025 à 02h29,Saint-Esprit réponds-moi — Créer un réseau social chrétien et entreprendre,Réseaux sociaux chrétiens et entrepreneuriat,élevée,False,Sous-titres TikTok (transcription automatique),Créer 1 réseau social... TikTok... YouTube... c'est pas pour nous,2025-09-15T01:29:58.000Z,https://www.tiktok.com/@pamela.dali7/video/7550122144752028950,ok,fra-FR,False
cmtwvazfw00ehil04e2ousrza,#tiktoklive #livehighlights — 15 septembre 2025 à 02h18,"Saint-Esprit réponds-moi — Être son propre chef, bénédiction chrétienne","Entrepreneuriat individuel, bénédiction",élevée,False,Sous-titres TikTok (transcription automatique),"Tu mets ton propre commerce sur pied, tu es ton propre chef.",2025-09-15T01:18:41.000Z,https://www.tiktok.com/@pamela.dali7/video/7550119236388048150,ok,fra-FR,False
cmtwvazrd00ejil04swsxcvjo,#tiktoklive #livehighlights — 15 septembre 2025 à 02h02,Saint-Esprit réponds-moi — Encouragement aux entrepreneurs chrétiens persévérants,Encouragement et vocation entrepreneuriale chrétienne,élevée,False,Sous-titres TikTok (transcription automatique),Vous serez à la tête et non à la queue,2025-09-15T01:02:45.000Z,https://www.tiktok.com/@pamela.dali7/video/7550115132349713666,ok,fra-FR,False
cmtwvb0eo00enil04lmma95vh,Saint-Esprit réponds-moi — 14 septembre 2025 à 02h32,Saint-Esprit réponds-moi — Afrika Alkebulane Pam Kongo,Afrika Alkebulane; Pam; KONGO,moyenne,True,Texte lisible sur la miniature (OCR); vidéo à écouter pour confirmer,"Afrika, alkebulane, pam, KONGO",2025-09-14T01:32:41.000Z,https://www.tiktok.com/@pamela.dali7/video/7549751760798108950,no_transcript,OCR (couverture),True
cmtwvb0qd00epil04fwuu5xkx,Saint-Esprit réponds-moi — 11 septembre 2025 à 16h47,Saint-Esprit réponds-moi — Encouragement aux créateurs chrétiens et annonce de lives TikTok,Encouragement des créateurs chrétiens et annonce de lives,élevée,False,Sous-titres TikTok (transcription automatique),Je vais commencer à faire les lives sur TikTok,2025-09-11T15:47:35.000Z,https://www.tiktok.com/@pamela.dali7/video/7548858807703670038,ok,fra-FR,False
cmtwvb11y00eril04t4qqtz6u,Saint-Esprit réponds-moi — 9 septembre 2025 à 22h41,Saint-Esprit réponds-moi — Vision du trône et appel à la consécration,vision céleste et consécration,élevée,False,Sous-titres TikTok (transcription automatique),j'ai vu le trône de l'Éternel,2025-09-09T21:41:28.000Z,https://www.tiktok.com/@pamela.dali7/video/7548207834094259478,ok,fra-FR,False
cmtwvb1e400etil04lz5cyssm,Saint-Esprit réponds-moi — 9 septembre 2025 à 13h32,"Saint-Esprit réponds-moi — Séparation, consécration et les trois pas pour décoller",séparation spirituelle pour progresser,élevée,False,Sous-titres TikTok (transcription automatique),fais 3 pas en avant,2025-09-09T12:32:48.000Z,https://www.tiktok.com/@pamela.dali7/video/7548066444664179990,ok,fra-FR,False
cmtwvb1pn00evil04bcmaqlv5,Saint-Esprit réponds-moi — 9 septembre 2025 à 04h30,"Saint-Esprit réponds-moi — Parle au Saint-Esprit, reçois sa présence et puissance",prière d'invocation et réception du Saint-Esprit,élevée,False,Sous-titres TikTok (transcription automatique),Parle au Saint-Esprit,2025-09-09T03:30:48.000Z,https://www.tiktok.com/@pamela.dali7/video/7547926771887508738,ok,fra-FR,False
cmtwvb21200exil04o6olcqm4,Saint-Esprit réponds-moi — 9 septembre 2025 à 04h26,"Saint-Esprit réponds-moi — Active tes dons, prends ton envol et détruis la peur",activation des dons et délivrance de la peur,élevée,False,Sous-titres TikTok (transcription automatique),tu as des ailes et tu ne voles pas,2025-09-09T03:26:52.000Z,https://www.tiktok.com/@pamela.dali7/video/7547925759483219223,ok,fra-FR,False
cmtwvb2cb00ezil04xndmhmv5,Saint-Esprit réponds-moi — 9 septembre 2025 à 03h13,Saint-Esprit réponds-moi — Invoquer le sang de Jésus pour purification,Invoquer le sang de Jésus,élevée,False,Sous-titres TikTok (transcription automatique),Invoquer le sang de l'Éternel pour purifier nos vies,2025-09-09T02:13:25.000Z,https://www.tiktok.com/@pamela.dali7/video/7547906831532739862,ok,fra-FR,False
cmtwvb2nv00f1il04k0sq3tmu,Saint-Esprit réponds-moi — 9 septembre 2025 à 02h47,Saint-Esprit réponds-moi — Oser demander pardon à l'Éternel,Demander pardon et repentance,élevée,False,Sous-titres TikTok (transcription automatique),tu vas demander pardon à l'Éternel,2025-09-09T01:47:45.000Z,https://www.tiktok.com/@pamela.dali7/video/7547900216213622038,ok,fra-FR,False
cmtwvb30100f3il04epuydgyr,Saint-Esprit réponds-moi — 8 septembre 2025 à 17h21,Saint-Esprit réponds-moi — Vision du soleil et des petits soleils,Observation du soleil et étoiles,faible,True,Sous-titres TikTok (transcription automatique),le soleil central et des petits soleils autour,2025-09-08T16:21:10.000Z,https://www.tiktok.com/@pamela.dali7/video/7547754209576226070,ok,fra-FR,False
cmtwvb3n600f7il04u3dz0hx9,Saint-Esprit réponds-moi — 2 septembre 2025 à 13h34,Saint-Esprit réponds-moi — Révélations sur le monde spirituel et les anges,Le monde spirituel et le rôle des anges,élevée,False,Sous-titres TikTok (transcription automatique),le monde spirituel est réel et j'ai vu les anges,2025-09-02T12:34:41.000Z,https://www.tiktok.com/@pamela.dali7/video/7545469331761646870,ok,fra-FR,False
cmtwvb3yp00f9il042999blpq,Saint-Esprit réponds-moi — 2 septembre 2025 à 03h11,Saint-Esprit réponds-moi — Comment les paroles agissent dans le monde spirituel,Pouvoir des paroles et action des anges,élevée,False,Sous-titres TikTok (transcription automatique),La parole est esprit et vie; les anges vont exécuter,2025-09-02T02:11:29.000Z,https://www.tiktok.com/@pamela.dali7/video/7545308736726830358,ok,fra-FR,False
cmtwvb4aa00fbil04cxrpgfes,Saint-Esprit réponds-moi — 2 septembre 2025 à 02h50,Saint-Esprit réponds-moi — Comprendre les rêves : pas toujours de la sorcellerie,"Rêves, interprétation et rôle de Dieu",élevée,False,Sous-titres TikTok (transcription automatique),C'est l'Éternel qui permet qu'on oublie les rêves,2025-09-02T01:50:01.000Z,https://www.tiktok.com/@pamela.dali7/video/7545303205433888022,ok,fra-FR,False
cmtwvb4mu00fdil04omiejwc6,Saint-Esprit réponds-moi — 30 août 2025 à 15h20,Saint-Esprit réponds-moi — Afrikayalkeb KONGO,Afrikayalkeb KONGO,moyenne,True,Texte lisible sur la miniature (OCR); vidéo à écouter pour confirmer,"@pamd82, NA Afrikayalkeb, KONGO",2025-08-30T14:20:45.000Z,https://www.tiktok.com/@pamela.dali7/video/7544383409670327574,no_transcript,OCR (couverture),True
cmtwvb4yv00ffil04j0rd8dv7,Saint-Esprit réponds-moi — 26 août 2025 à 13h13,"Saint-Esprit réponds-moi — Le péché, séparation de Dieu et appel à repentance","Péché, jugement et restauration",élevée,False,Sous-titres TikTok (transcription automatique),Le péché fait que Dieu ne nous reconnaît pas,2025-08-26T12:13:55.000Z,https://www.tiktok.com/@pamela.dali7/video/7542866385861348630,ok,fra-FR,False
cmtwvb5a500fhil04du9fdywn,Saint-Esprit réponds-moi — 26 août 2025 à 12h46,Saint-Esprit réponds-moi — Appel à rencontrer Dieu et recevoir sa présence,Rencontre avec Dieu et expérience de sa présence,élevée,False,Sous-titres TikTok (transcription automatique),"Si tu es réel, révèle-toi à moi",2025-08-26T11:46:34.000Z,https://www.tiktok.com/@pamela.dali7/video/7542859338805693718,ok,fra-FR,False
cmtwvb5ly00fjil04y0vcb32f,Saint-Esprit réponds-moi — 18 août 2025 à 00h27,"Saint-Esprit réponds-moi — Vision, appel à repentance et prière pour la Côte d'Ivoire","Vision céleste, divisions et intercession pour la Côte d'Ivoire",élevée,False,Sous-titres TikTok (transcription automatique),j'ai assisté à 1 réunion satanique des démons,2025-08-17T23:27:43.000Z,https://www.tiktok.com/@pamela.dali7/video/7539700253893709078,ok,fra-FR,False
cmtwvb5xz00flil045e706526,Saint-Esprit réponds-moi — 17 août 2025 à 23h24,Saint-Esprit réponds-moi — Appel à prier pour l'unité et vaincre Satan,"Réponse aux attaques, prière pour l'unité de l'église",élevée,False,Sous-titres TikTok (transcription automatique),"Moi, l'Éternel, je livre Satan entre tes mains",2025-08-17T22:24:22.000Z,https://www.tiktok.com/@pamela.dali7/video/7539683928982965526,ok,fra-FR,False
cmu0bksjb001pl604c2y7hp28,Saint-Esprit réponds-moi — 17 août 2025 à 23h00,Saint-Esprit réponds-moi — Rappel de la mission: aimer et édifier,Exhortation à ne pas critiquer et à garder la mission,élevée,False,Sous-titres TikTok (transcription automatique),aucune parole mauvaise ne doit sortir de votre bouche,2025-08-17T22:00:42.000Z,https://www.tiktok.com/@pamela.dali7/video/7539677830658182422,ok,fra-FR,False
cmtwvb6uo00fpil04959q2bjj,Saint-Esprit réponds-moi — 17 août 2025 à 22h20,"Saint-Esprit réponds-moi — Isaïe 61: mission, repentance et intercession nationale",Mission évangélique selon Isaïe 61 et repentance pour les nations,élevée,False,Sous-titres TikTok (transcription automatique),l'esprit du Seigneur éternel est sur moi,2025-08-17T21:20:04.000Z,https://www.tiktok.com/@pamela.dali7/video/7539667361973112087,ok,fra-FR,False
cmtwvb85c00fxil04lqweyvar,Saint-Esprit réponds-moi — 10 août 2025 à 16h31,Saint-Esprit réponds-moi — Merci Jésus : l'Éternel sait ce que j'ai mis,Remerciement à Jésus / confiance en Dieu,moyenne,True,Texte lisible sur la miniature (OCR); vidéo à écouter pour confirmer,"'MERCI JESUS', 'ETERNEL, TON DIEU', 'CE QUE J'AI MIS', 'CHRIS P' (OCR)",2025-08-10T15:31:59.000Z,https://www.tiktok.com/@pamela.dali7/video/7536980062298541334,no_transcript,OCR (couverture),True
cmtwvb8ta00g1il04u8qk9nkt,Saint-Esprit réponds-moi — 10 août 2025 à 10h59,Saint-Esprit réponds-moi — Sujet à confirmer — 10/08/2025 10:59,Texte illisible / sujet incertain,faible,True,Texte lisible sur la miniature (OCR); vidéo à écouter pour confirmer,"'Sweet', 'Sélfie' (mots isolés, OCR bruité)",2025-08-10T09:59:49.000Z,https://www.tiktok.com/@pamela.dali7/video/7536894463487020310,no_transcript,OCR (couverture),True
cmtwvb94s00g3il040wqy2vci,Saint-Esprit réponds-moi — 7 août 2025 à 11h20,Saint-Esprit réponds-moi — Merci Père pour cette nouvelle étape de ma vie,Action de grâce / nouvelle étape de vie,élevée,True,Texte lisible sur la miniature (OCR); vidéo à écouter pour confirmer,'Merci pere pour cette nouvelle étape de ma vie',2025-08-07T10:20:48.000Z,https://www.tiktok.com/@pamela.dali7/video/7535786619064880406,ok,OCR (couverture),True
cmtwvb9ru00g7il04h0tggzi2,Saint-Esprit réponds-moi — 6 août 2025 à 02h07,Saint-Esprit réponds-moi — Prière pour que la gloire de Dieu manifeste en Côte d'Ivoire,Prière pour la manifestation de la gloire de Dieu,moyenne,False,Sous-titres TikTok (transcription automatique),"""que ta gloire soit manifestée...sur la terre de la côte d'ivoire""",2025-08-06T01:07:10.000Z,https://www.tiktok.com/@pamela.dali7/video/7535272861171289366,ok,fra-FR,False
cmtwvba3d00g9il042st2kpik,Saint-Esprit réponds-moi — 4 août 2025 à 03h58,Saint-Esprit réponds-moi — Témoignage de guérison et retour des cheveux,Témoignage de guérison miraculeuse,élevée,False,Sous-titres TikTok (transcription automatique),"""le saint-esprit...je vais te donner des cheveux naturels""",2025-08-04T02:58:32.000Z,https://www.tiktok.com/@pamela.dali7/video/7534559388430880022,ok,fra-FR,False
cmtwvbaey00gbil041gkmli4u,Saint-Esprit réponds-moi — 2 août 2025 à 02h54,Saint-Esprit réponds-moi — Briser les liens familiaux et marcher vers la liberté,Libération des cycles familiaux par l'obéissance,élevée,False,Sous-titres TikTok (transcription automatique),"""Je vous parle des liens de famille...briser ces cycles""",2025-08-02T01:54:08.000Z,https://www.tiktok.com/@pamela.dali7/video/7533800626044669206,ok,fra-FR,False
cmtwvbask00gdil04x4l4hhrq,Saint-Esprit réponds-moi — 2 août 2025 à 01h39,Saint-Esprit réponds-moi — Préparez-vous à recevoir votre miracle et liberté familiale,Préparation spirituelle pour recevoir un miracle,élevée,False,Sous-titres TikTok (transcription automatique),"""prépare-toi pour recevoir ton miracle""",2025-08-02T00:39:23.000Z,https://www.tiktok.com/@pamela.dali7/video/7533781362852056342,ok,fra-FR,False
cmtwvbbg000ghil04oxnrkxma,Saint-Esprit réponds-moi — 27 juillet 2025 à 02h10,Saint-Esprit réponds-moi — Sujet à confirmer — 27/07/2025 02:10,Texte insuffisant (watermark),faible,True,Texte lisible sur la miniature (OCR); vidéo à écouter pour confirmer,'InShOt' seul lisible,2025-07-27T01:10:13.000Z,https://www.tiktok.com/@pamela.dali7/video/7531562794827910402,no_transcript,OCR (couverture),True
cmtwvbbrn00gjil04we2dhu5d,Saint-Esprit réponds-moi — 27 juillet 2025 à 00h11,Saint-Esprit réponds-moi — Partie 3,Série / partie d'une vidéo,moyenne,True,Texte lisible sur la miniature (OCR); vidéo à écouter pour confirmer,"'partie 3', 'InShOt'",2025-07-26T23:11:24.000Z,https://www.tiktok.com/@pamela.dali7/video/7531532177239051542,no_transcript,OCR (couverture),True
cmtwvbc3t00glil04o966kj1p,Saint-Esprit réponds-moi — 26 juillet 2025 à 23h18,Saint-Esprit réponds-moi — Retrouver la flamme pour l'œuvre de Dieu,Renouvellement de l'engagement pour l'œuvre,élevée,False,Sous-titres TikTok (transcription automatique),"J'ai perdu cette flamme, redonne-moi",2025-07-26T22:18:25.000Z,https://www.tiktok.com/@pamela.dali7/video/7531518521809866007,ok,fra-FR,False
cmtwvbcf900gnil04p8lyqmzl,Saint-Esprit réponds-moi — 23 juillet 2025 à 02h35,Saint-Esprit réponds-moi — Christ libéré,Libération / Christ,moyenne,True,Texte lisible sur la miniature (OCR); vidéo à écouter pour confirmer,"'GHRIST' (CHRIST), 'LIBERE'",2025-07-23T01:35:41.000Z,https://www.tiktok.com/@pamela.dali7/video/7530085017649827094,no_transcript,OCR (couverture),True
cmtwvbdev00gtil04ef5p8ams,Saint-Esprit réponds-moi — 13 juillet 2025 à 22h42,Saint-Esprit réponds-moi — Le caractère de Dieu pour les serviteurs,Manifestation des sept traits du caractère divin,élevée,False,Sous-titres TikTok (transcription automatique),"Le caractère de Dieu, cet enseignement c'est pour les pasteurs",2025-07-13T21:42:36.000Z,https://www.tiktok.com/@pamela.dali7/video/7526685188210969878,ok,fra-FR,False
cmtwvbe1z00gxil042354e31x,Saint-Esprit réponds-moi — 6 juillet 2025 à 13h28,Saint-Esprit réponds-moi — Comprendre le dépouillement: abandonner confort et apparence,Dépouillement spirituel et renoncement aux attachements,élevée,False,Sous-titres TikTok (transcription automatique),Le dépouillement n'est pas que physique,2025-07-06T12:28:22.000Z,https://www.tiktok.com/@pamela.dali7/video/7523944763972799766,ok,fra-FR,False
cmtwvbeos00h1il04myy9xud0,Saint-Esprit réponds-moi — 27 juin 2025 à 22h28,Saint-Esprit réponds-moi — Puissant témoignage de sœur Afrika Alkebulan sur le séjour des morts,témoignage sur le séjour des morts,moyenne,True,Texte lisible sur la miniature (OCR); vidéo à écouter pour confirmer,puissant témoignage; sceur Afrika alkebulan pam Dali; séjour des morts,2025-06-27T21:28:45.000Z,https://www.tiktok.com/@pamela.dali7/video/7520744252767210774,no_transcript,OCR (couverture),True
cmtwvbf0200h3il04hne6vk81,Saint-Esprit réponds-moi — 26 juin 2025 à 15h21,Saint-Esprit réponds-moi — Invitation : croisade d'évangélisation et délivrance,Annonce d'une croisade évangélique et de délivrance,élevée,False,Sous-titres TikTok (transcription automatique),"Grande croisade d'évangélisation, délivrance et repentance",2025-06-26T14:21:49.000Z,https://www.tiktok.com/@pamela.dali7/video/7520263148272766230,ok,fra-FR,False
cmu0bkuv80023l604oeny34jl,Saint-Esprit réponds-moi — 25 juin 2025 à 02h57,Saint-Esprit réponds-moi — Sujet à confirmer — 25/06/2025 02:57,Sujet à confirmer,faible,True,Texte lisible sur la miniature (OCR); vidéo à écouter pour confirmer,o~ Vie,2025-06-25T01:57:28.000Z,https://www.tiktok.com/@pamela.dali7/video/7519700247153544470,no_transcript,OCR (couverture),True
cmtwvbg1700h9il04sh5oq318,Saint-Esprit réponds-moi — 9 juin 2025 à 03h15,Saint-Esprit réponds-moi — Viens à Jésus‑Christ et accepte son pardon,appel à la conversion,élevée,True,Texte lisible sur la miniature (OCR); vidéo à écouter pour confirmer,Viens a Jésus-Christ; accepte son pardon; pour toutes les erreurs que tu as commises,2025-06-09T02:15:03.000Z,https://www.tiktok.com/@pamela.dali7/video/7513767414220229910,no_transcript,OCR (couverture),True
cmtwvbgcr00hbil04m6k4vyhx,Saint-Esprit réponds-moi — 9 juin 2025 à 03h09,Saint-Esprit réponds-moi — Où ira ton âme ? Demande pardon à l'Éternel,question sur l'âme et appel au pardon,élevée,True,Texte lisible sur la miniature (OCR); vidéo à écouter pour confirmer,Ou ira ton Ame?; Ouvre la bouche; demande pardon al'Eternel; pour tous tes péchés,2025-06-09T02:09:38.000Z,https://www.tiktok.com/@pamela.dali7/video/7513766017257065750,no_transcript,OCR (couverture),True
cmtwvbgo600hdil04opuwnq2y,Saint-Esprit réponds-moi — 9 juin 2025 à 03h04,Saint-Esprit réponds-moi — Demande pardon à l'Éternel et implore sa miséricorde,appel au pardon et miséricorde,élevée,True,Texte lisible sur la miniature (OCR); vidéo à écouter pour confirmer,Demande pardon a!'Eternel; implore sa miséricorde sur ta vie,2025-06-09T02:04:49.000Z,https://www.tiktok.com/@pamela.dali7/video/7513764778326756630,no_transcript,OCR (couverture),True
cmtwvbgzx00hfil04u7uf439m,Saint-Esprit réponds-moi — 9 juin 2025 à 03h03,Saint-Esprit réponds-moi — As-tu réellement le Saint-Esprit ? (Partie 2),question personnelle sur le Saint-Esprit,élevée,True,Texte lisible sur la miniature (OCR); vidéo à écouter pour confirmer,"Bien-aimé(e), as-tu réellement le Saint-Esprit??; Part 2/2; Assieds-toi et analyse",2025-06-09T02:03:59.000Z,https://www.tiktok.com/@pamela.dali7/video/7513764563670535446,no_transcript,OCR (couverture),True
cmtwvbhbq00hhil043kbwt3k7,Saint-Esprit réponds-moi — 9 juin 2025 à 03h01,Saint-Esprit réponds-moi — As-tu réellement le Saint-Esprit ? (Partie 1),Question sur la présence du Saint-Esprit,élevée,True,Texte lisible sur la miniature (OCR); vidéo à écouter pour confirmer,"Bien-aimé(e), as-tu réellement le Saint-Esprit; Assieds-toi et analyse; Part 1/2",2025-06-09T02:01:06.000Z,https://www.tiktok.com/@pamela.dali7/video/7513763821840895254,no_transcript,OCR (couverture),True
cmtwvbhni00hjil04sg5woucg,Saint-Esprit réponds-moi — 9 juin 2025 à 02h29,Saint-Esprit réponds-moi — Sujet à confirmer — 09/06/2025 02:29,Texte OCR illisible / sujet incertain,faible,True,Texte lisible sur la miniature (OCR); vidéo à écouter pour confirmer,Inn a ¢) afrik =I s} ip ae =,2025-06-09T01:29:47.000Z,https://www.tiktok.com/@pamela.dali7/video/7513755751488261398,no_transcript,OCR (couverture),True
cmtwvbhyx00hlil04fzcxby0m,Saint-Esprit réponds-moi — 9 juin 2025 à 02h28,Saint-Esprit réponds-moi — Secret de la prospérité et de la richesse (extrait),Secret de la prospérité / richesse (extrait live),élevée,True,Texte lisible sur la miniature (OCR); vidéo à écouter pour confirmer,Voici le secret de la prospérité (de la richesse); Extrait du Live sur YouTube,2025-06-09T01:28:48.000Z,https://www.tiktok.com/@pamela.dali7/video/7513755494423530774,no_transcript,OCR (couverture),True
cmtwvbiam00hnil04j8ubx8mz,Saint-Esprit réponds-moi — 9 juin 2025 à 02h21,Saint-Esprit réponds-moi — Richesse et prospérité (extrait) — 09/06/2025 02:21,Prospérité et richesse (extrait),élevée,True,Texte lisible sur la miniature (OCR); vidéo à écouter pour confirmer,Voici le secret de la prospérité (de la richesse); Extrait du Live sur YouTube,2025-06-09T01:21:51.000Z,https://www.tiktok.com/@pamela.dali7/video/7513753706559474966,no_transcript,OCR (couverture),True
cmtwvbimc00hpil04fnqjcpmk,Saint-Esprit réponds-moi — 9 juin 2025 à 02h03,"Saint-Esprit réponds-moi — Écoutez ce message, bien-aimés",Invitation à écouter un message (bien-aimés),moyenne,True,Texte lisible sur la miniature (OCR); vidéo à écouter pour confirmer,Ecoutez ce message bien-aimeés,2025-06-09T01:03:00.000Z,https://www.tiktok.com/@pamela.dali7/video/7513748848980905238,no_transcript,OCR (couverture),True
cmtwvbixh00hril042h168v6j,Saint-Esprit réponds-moi — 9 juin 2025 à 02h01,"Saint-Esprit réponds-moi — Écoutez ce message, bien-aimés — 09/06/2025 02:01",Invitation à écouter un message (bien-aimés),moyenne,True,Texte lisible sur la miniature (OCR); vidéo à écouter pour confirmer,d &Ecoutez ce message bien-aimés,2025-06-09T01:01:56.000Z,https://www.tiktok.com/@pamela.dali7/video/7513748573918629122,no_transcript,OCR (couverture),True
cmtwvbj9500htil044hulpy8x,Saint-Esprit réponds-moi — 9 juin 2025 à 02h00,"Saint-Esprit réponds-moi — Écoutez ce message, bien-aimés — 09/06/2025 02:00",Message aux bien-aimés,élevée,True,Texte lisible sur la miniature (OCR); vidéo à écouter pour confirmer,"Texte OCR: ""Ecoutez ce message bien-aimés"" (reste du texte bruité)",2025-06-09T01:00:29.000Z,https://www.tiktok.com/@pamela.dali7/video/7513748199551569174,no_transcript,OCR (couverture),True
cmtwvbmt500ifil04jtoh55hf,Saint-Esprit réponds-moi — 3 avril 2025 à 08h01,Saint-Esprit réponds-moi — Sujet à confirmer — 03/04/2025 08:01,Texte bruité / mots possibles : noms propres,faible,True,Texte lisible sur la miniature (OCR); vidéo à écouter pour confirmer,"Mots lisibles approchants: 'Pay Pee', 'pam', 'afrika', 'Dali' (texte très bruité)",2025-04-03T07:01:03.000Z,https://www.tiktok.com/@pamela.dali7/video/7488978407926222102,no_transcript,OCR (couverture),True
cmtwvbng000ijil0477gnav55,Saint-Esprit réponds-moi — 7 mars 2025 à 20h31,Saint-Esprit réponds-moi — Prière de repentance et délivrance (live 22H00),Prière de repentance et délivrance (live),élevée,True,Texte lisible sur la miniature (OCR); vidéo à écouter pour confirmer,"Texte OCR: 'live de ce soir est pour 22H00', 'priere de repantence et de délivrance', 'Que L'ETERNEL VOUS BENIS', 'afrika Pam Dali'",2025-03-07T19:31:19.000Z,https://www.tiktok.com/@pamela.dali7/video/7479152454311988502,no_transcript,OCR (couverture),True
